Date,Closing Price
2004-11-01,20.27
2004-11-02,20.325
2004-11-03,20.4135
2004-11-04,20.68
2004-11-05,20.7
2004-11-08,20.635
2004-11-09,20.62
2004-11-10,20.585
2004-11-11,20.25
2004-11-12,20.705
2004-11-15,20.29
2004-11-16,20.125
2004-11-17,20.14
2004-11-18,20.14
2004-11-19,19.955
2004-11-22,19.935
2004-11-23,19.855
2004-11-24,19.895
2004-11-26,19.93
2004-11-29,19.955
2004-11-30,19.6956
2004-12-01,19.935
2004-12-02,20.05
2004-12-03,20.35
2004-12-06,20.195
2004-12-07,20.17
2004-12-08,20.195
2004-12-09,20.405
2004-12-10,20.27
2004-12-13,20.4239
2004-12-14,20.65
2004-12-15,20.765
2004-12-16,20.5783
2004-12-17,20.475
2004-12-20,20.5
2004-12-21,20.5
2004-12-22,20.75
2004-12-23,20.755
2004-12-27,20.84
2004-12-28,20.925
2004-12-29,20.865
2004-12-30,20.825
2004-12-31,20.815
2005-01-03,20.815
2005-01-04,20.48
2005-01-05,20.3
2005-01-06,20.55
2005-01-07,20.535
2005-01-10,20.695
2005-01-11,20.55
2005-01-12,20.58
2005-01-13,20.35
2005-01-14,20.385
2005-01-18,20.625
2005-01-19,20.55
2005-01-20,20.705
2005-01-21,20.45
2005-01-24,20.48
2005-01-25,20.525
2005-01-26,20.833
2005-01-27,20.88
2005-01-28,20.745
2005-01-31,20.745
2005-02-01,20.71
2005-02-02,20.96
2005-02-03,20.865
2005-02-04,21.235
2005-02-07,21.255
2005-02-08,21.325
2005-02-09,21.3624
2005-02-10,21.25
2005-02-11,21.3907
2005-02-14,21.4271
2005-02-15,21.31
2005-02-16,21.585
2005-02-17,21.5355
2005-02-18,21.48
2005-02-22,21.395
2005-02-23,21.29
2005-02-24,21.34
2005-02-25,21.51
2005-02-28,21.4363
2005-03-01,21.635
2005-03-02,21.5001
2005-03-03,21.6276
2005-03-04,21.82
2005-03-07,21.86
2005-03-08,21.71
2005-03-09,21.5769
2005-03-10,21.545
2005-03-11,21.24
2005-03-14,21.17
2005-03-15,21.12
2005-03-16,20.97
2005-03-17,21.05
2005-03-18,20.75
2005-03-21,20.8
2005-03-22,20.685
2005-03-23,20.59
2005-03-24,20.6
2005-03-28,20.56
2005-03-29,20.695
2005-03-30,20.975
2005-03-31,20.835
2005-04-01,20.695
2005-04-04,20.7312
2005-04-05,20.93
2005-04-06,20.855
2005-04-07,21.13
2005-04-08,21.05
2005-04-11,20.945
2005-04-12,21.165
2005-04-13,21.05
2005-04-14,21.035
2005-04-15,20.75
2005-04-18,20.5
2005-04-19,21.2
2005-04-20,21.17
2005-04-21,20.99
2005-04-22,21.065
2005-04-25,21.33
2005-04-26,21.48
2005-04-27,21.415
2005-04-28,21.345
2005-04-29,21.72
2005-05-02,21.7933
2005-05-03,21.89
2005-05-04,21.965
2005-05-05,21.9973
2005-05-06,22.075
2005-05-09,22.285
2005-05-10,22.025
2005-05-11,22.135
2005-05-12,22.085
2005-05-13,22.035
2005-05-16,22.1224
2005-05-17,22.205
2005-05-18,22.46
2005-05-19,22.62
2005-05-20,22.525
2005-05-23,22.485
2005-05-24,22.51
2005-05-25,22.45
2005-05-26,22.445
2005-05-27,22.4725
2005-05-31,22.3028
2005-06-01,22.31
2005-06-02,22.39
2005-06-03,22.05
2005-06-06,21.985
2005-06-07,22.065
2005-06-08,21.96
2005-06-09,21.825
2005-06-10,21.97
2005-06-13,21.795
2005-06-14,21.8681
2005-06-15,21.82
2005-06-16,21.905
2005-06-17,22.025
2005-06-20,21.955
2005-06-21,21.84
2005-06-22,21.715
2005-06-23,21.535
2005-06-24,21.095
2005-06-27,21.165
2005-06-28,21.4285
2005-06-29,21.25
2005-06-30,21.35
2005-07-01,21.105
2005-07-05,21.2
2005-07-06,20.975
2005-07-07,20.88
2005-07-08,21.345
2005-07-11,21.385
2005-07-12,21.415
2005-07-13,21.465
2005-07-14,21.59
2005-07-15,21.54
2005-07-18,21.465
2005-07-19,21.665
2005-07-20,21.665
2005-07-21,21.975
2005-07-22,22.015
2005-07-25,21.825
2005-07-26,21.845
2005-07-27,22.005
2005-07-28,21.715
2005-07-29,21.885
2005-08-01,21.935
2005-08-02,22.095
2005-08-03,22.25
2005-08-04,22.18
2005-08-05,22.18
2005-08-08,21.835
2005-08-09,22.05
2005-08-10,21.95
2005-08-11,22.055
2005-08-12,21.79
2005-08-15,21.77
2005-08-16,21.681
2005-08-17,21.6554
2005-08-18,21.775
2005-08-19,22.195
2005-08-22,22.175
2005-08-23,22.095
2005-08-24,21.915
2005-08-25,21.905
2005-08-26,21.94
2005-08-29,22.0
2005-08-30,21.695
2005-08-31,21.95
2005-09-01,21.94
2005-09-02,21.95
2005-09-06,22.26
2005-09-07,22.325
2005-09-08,22.14
2005-09-09,22.025
2005-09-12,22.125
2005-09-13,21.95
2005-09-14,21.76
2005-09-15,21.7975
2005-09-16,21.69
2005-09-19,21.68
2005-09-20,21.45
2005-09-21,21.125
2005-09-22,20.96
2005-09-23,21.1751
2005-09-26,21.275
2005-09-27,21.165
2005-09-28,21.435
2005-09-29,21.55
2005-09-30,21.595
2005-10-03,21.605
2005-10-04,21.52
2005-10-05,21.31
2005-10-06,21.355
2005-10-07,21.1
2005-10-10,20.99
2005-10-11,20.9038
2005-10-12,20.86
2005-10-13,20.86
2005-10-14,21.04
2005-10-17,21.045
2005-10-18,20.875
2005-10-19,20.7913
2005-10-20,21.04
2005-10-21,20.965
2005-10-24,21.2
2005-10-25,21.23
2005-10-26,21.175
2005-10-27,21.075
2005-10-28,21.525
2005-10-31,21.39
2005-11-01,21.3391
2005-11-02,21.28
2005-11-03,21.25
2005-11-04,21.125
2005-11-07,21.205
2005-11-08,21.07
2005-11-09,21.09
2005-11-10,21.26
2005-11-11,21.38
2005-11-14,21.29
2005-11-15,21.23
2005-11-16,21.07
2005-11-17,20.935
2005-11-18,21.1
2005-11-21,21.075
2005-11-22,21.16
2005-11-23,21.325
2005-11-25,21.4
2005-11-28,21.39
2005-11-29,21.53
2005-11-30,21.4652
2005-12-01,21.42
2005-12-02,21.41
2005-12-05,21.325
2005-12-06,21.27
2005-12-07,21.1
2005-12-08,20.94
2005-12-09,20.755
2005-12-12,20.575
2005-12-13,20.48
2005-12-14,20.545
2005-12-15,20.58
2005-12-16,20.5968
2005-12-19,20.745
2005-12-20,20.61
2005-12-21,20.605
2005-12-22,20.675
2005-12-23,20.555
2005-12-27,20.485
2005-12-28,20.395
2005-12-29,20.3
2005-12-30,20.155
2006-01-03,20.45
2006-01-04,20.41
2006-01-05,20.5
2006-01-06,20.745
2006-01-09,20.83
2006-01-10,20.825
2006-01-11,20.575
2006-01-12,20.55
2006-01-13,20.6
2006-01-17,20.35
2006-01-18,20.4204
2006-01-19,20.465
2006-01-20,20.045
2006-01-23,20.25
2006-01-24,20.45
2006-01-25,20.57
2006-01-26,20.725
2006-01-27,20.985
2006-01-30,20.88
2006-01-31,20.69
2006-02-01,20.7379
2006-02-02,20.6515
2006-02-03,20.44
2006-02-06,20.47
2006-02-07,20.515
2006-02-08,20.6144
2006-02-09,20.5
2006-02-10,20.5794
2006-02-13,20.375
2006-02-14,20.675
2006-02-15,20.67
2006-02-16,20.8
2006-02-17,20.8942
2006-02-21,20.925
2006-02-22,21.04
2006-02-23,21.015
2006-02-24,21.115
2006-02-27,21.2648
2006-02-28,20.963
2006-03-01,21.155
2006-03-02,20.96
2006-03-03,20.9
2006-03-06,20.845
2006-03-07,20.9
2006-03-08,21.12
2006-03-09,21.29
2006-03-10,21.495
2006-03-13,21.245
2006-03-14,21.385
2006-03-15,21.365
2006-03-16,21.345
2006-03-17,21.395
2006-03-20,21.445
2006-03-21,21.375
2006-03-22,21.385
2006-03-23,21.2048
2006-03-24,21.33
2006-03-27,21.195
2006-03-28,21.09
2006-03-29,21.03
2006-03-30,21.04
2006-03-31,20.935
2006-04-03,20.95
2006-04-04,21.04
2006-04-05,20.975
2006-04-06,20.93
2006-04-07,20.675
2006-04-10,20.74
2006-04-11,20.625
2006-04-12,20.575
2006-04-13,20.63
2006-04-17,20.52
2006-04-18,20.65
2006-04-19,20.845
2006-04-20,20.905
2006-04-21,20.925
2006-04-24,20.765
2006-04-25,20.68
2006-04-26,20.865
2006-04-27,21.025
2006-04-28,20.98
2006-05-01,20.99
2006-05-02,21.125
2006-05-03,20.96
2006-05-04,21.05
2006-05-05,21.04
2006-05-08,21.685
2006-05-09,21.835
2006-05-10,21.79
2006-05-11,21.69
2006-05-12,21.59
2006-05-15,21.97
2006-05-16,21.9197
2006-05-17,21.85
2006-05-18,21.775
2006-05-19,21.825
2006-05-22,21.8
2006-05-23,21.78
2006-05-24,22.015
2006-05-25,22.185
2006-05-26,22.245
2006-05-30,21.875
2006-05-31,22.015
2006-06-01,21.96
2006-06-02,21.945
2006-06-05,21.715
2006-06-06,21.75
2006-06-07,21.75
2006-06-08,21.7
2006-06-09,21.77
2006-06-12,21.65
2006-06-13,21.655
2006-06-14,21.405
2006-06-15,21.4004
2006-06-16,21.63
2006-06-19,21.4528
2006-06-20,21.4
2006-06-21,21.505
2006-06-22,21.435
2006-06-23,21.375
2006-06-26,21.415
2006-06-27,21.255
2006-06-28,21.21
2006-06-29,21.53
2006-06-30,21.51
2006-07-03,21.685
2006-07-05,21.5097
2006-07-06,21.665
2006-07-07,21.595
2006-07-10,21.815
2006-07-11,21.905
2006-07-12,21.785
2006-07-13,21.25
2006-07-14,21.315
2006-07-17,21.35
2006-07-18,21.785
2006-07-19,21.915
2006-07-20,22.175
2006-07-21,21.875
2006-07-24,22.0
2006-07-25,22.125
2006-07-26,22.225
2006-07-27,22.155
2006-07-28,22.26
2006-07-31,22.25
2006-08-01,22.155
2006-08-02,22.135
2006-08-03,22.01
2006-08-04,21.875
2006-08-07,21.805
2006-08-08,22.025
2006-08-09,21.865
2006-08-10,21.95
2006-08-11,21.88
2006-08-14,21.995
2006-08-15,22.16
2006-08-16,22.165
2006-08-17,22.09
2006-08-18,22.175
2006-08-21,22.17
2006-08-22,22.205
2006-08-23,22.16
2006-08-24,22.255
2006-08-25,22.26
2006-08-28,22.355
2006-08-29,22.57
2006-08-30,22.4614
2006-08-31,22.55
2006-09-01,22.535
2006-09-05,22.5074
2006-09-06,22.35
2006-09-07,22.245
2006-09-08,22.2998
2006-09-11,22.255
2006-09-12,22.39
2006-09-13,22.31
2006-09-14,22.29
2006-09-15,22.305
2006-09-18,22.22
2006-09-19,22.19
2006-09-20,22.225
2006-09-21,22.1
2006-09-22,21.995
2006-09-25,22.2
2006-09-26,22.375
2006-09-27,22.355
2006-09-28,22.475
2006-09-29,22.34
2006-10-02,22.25
2006-10-03,22.3
2006-10-04,22.425
2006-10-05,22.4149
2006-10-06,22.38
2006-10-09,22.21
2006-10-10,22.03
2006-10-11,22.06
2006-10-12,22.025
2006-10-13,22.01
2006-10-16,22.15
2006-10-17,21.895
2006-10-18,21.925
2006-10-19,22.455
2006-10-20,23.365
2006-10-23,23.55
2006-10-24,23.514
2006-10-25,23.675
2006-10-26,23.7
2006-10-27,23.435
2006-10-30,23.38
2006-10-31,23.36
2006-11-01,23.355
2006-11-02,23.355
2006-11-03,23.25
2006-11-06,23.355
2006-11-07,23.45
2006-11-08,23.48
2006-11-09,22.81
2006-11-10,23.23
2006-11-13,23.205
2006-11-14,23.276
2006-11-15,23.325
2006-11-16,23.595
2006-11-17,23.63
2006-11-20,23.53
2006-11-21,23.485
2006-11-22,23.55
2006-11-24,23.46
2006-11-27,23.275
2006-11-28,23.3391
2006-11-29,23.32
2006-11-30,23.415
2006-12-01,23.285
2006-12-04,23.415
2006-12-05,23.975
2006-12-06,24.189
2006-12-07,24.36
2006-12-08,24.355
2006-12-11,24.405
2006-12-12,24.45
2006-12-13,24.435
2006-12-14,24.5
2006-12-15,24.465
2006-12-18,24.315
2006-12-19,24.375
2006-12-20,24.375
2006-12-21,24.33
2006-12-22,24.19
2006-12-26,24.275
2006-12-27,24.345
2006-12-28,24.27
2006-12-29,24.125
2007-01-03,24.315
2007-01-04,24.3
2007-01-05,24.13
2007-01-08,24.28
2007-01-09,24.305
2007-01-10,24.3392
2007-01-11,24.37
2007-01-12,24.275
2007-01-16,24.25
2007-01-17,24.3
2007-01-18,24.175
2007-01-19,24.1236
2007-01-22,24.01
2007-01-23,24.06
2007-01-24,24.06
2007-01-25,23.97
2007-01-26,23.915
2007-01-29,23.855
2007-01-30,23.9
2007-01-31,23.94
2007-02-01,24.05
2007-02-02,24.125
2007-02-05,23.95
2007-02-06,24.02
2007-02-07,24.015
2007-02-08,23.89
2007-02-09,23.88
2007-02-12,23.985
2007-02-13,24.105
2007-02-14,23.925
2007-02-15,23.9098
2007-02-16,23.935
2007-02-20,23.89
2007-02-21,23.785
2007-02-22,23.655
2007-02-23,23.6
2007-02-26,23.86
2007-02-27,23.045
2007-02-28,23.34
2007-03-01,23.365
2007-03-02,22.935
2007-03-05,23.05
2007-03-06,23.465
2007-03-07,23.38
2007-03-08,23.575
2007-03-09,23.785
2007-03-12,23.845
2007-03-13,23.515
2007-03-14,23.525
2007-03-15,23.25
2007-03-16,23.6049
2007-03-19,23.675
2007-03-20,23.81
2007-03-21,24.13
2007-03-22,24.125
2007-03-23,24.03
2007-03-26,24.076
2007-03-27,23.6
2007-03-28,23.955
2007-03-29,24.045
2007-03-30,23.905
2007-04-02,24.255
2007-04-03,24.495
2007-04-04,24.73
2007-04-05,24.76
2007-04-09,24.83
2007-04-10,25.1
2007-04-11,24.82
2007-04-12,24.835
2007-04-13,25.02
2007-04-16,25.4
2007-04-17,25.785
2007-04-18,25.835
2007-04-19,25.875
2007-04-20,26.045
2007-04-23,25.95
2007-04-24,25.96
2007-04-25,26.015
2007-04-26,26.125
2007-04-27,25.98
2007-04-30,26.11
2007-05-01,26.32
2007-05-02,26.355
2007-05-03,26.455
2007-05-04,26.5
2007-05-07,26.75
2007-05-08,26.535
2007-05-09,26.55
2007-05-10,26.24
2007-05-11,26.345
2007-05-14,26.3
2007-05-15,26.125
2007-05-16,26.465
2007-05-17,26.1
2007-05-18,26.315
2007-05-21,25.955
2007-05-22,25.875
2007-05-23,25.665
2007-05-24,25.785
2007-05-25,25.935
2007-05-29,26.09
2007-05-30,26.525
2007-05-31,26.495
2007-06-01,26.3757
2007-06-04,26.335
2007-06-05,26.16
2007-06-06,26.01
2007-06-07,25.625
2007-06-08,25.835
2007-06-11,25.82
2007-06-12,25.57
2007-06-13,25.68
2007-06-14,25.655
2007-06-15,25.79
2007-06-18,25.8754
2007-06-19,25.695
2007-06-20,25.745
2007-06-21,26.045
2007-06-22,25.81
2007-06-25,25.885
2007-06-26,25.9
2007-06-27,26.22
2007-06-28,26.315
2007-06-29,26.215
2007-07-02,26.28
2007-07-03,26.45
2007-07-05,26.335
2007-07-06,26.3
2007-07-09,26.3
2007-07-10,26.0
2007-07-11,26.045
2007-07-12,26.12
2007-07-13,26.735
2007-07-16,27.125
2007-07-17,26.45
2007-07-18,26.72
2007-07-19,26.835
2007-07-20,26.205
2007-07-23,26.665
2007-07-24,26.63
2007-07-25,27.0
2007-07-26,26.555
2007-07-27,26.27
2007-07-30,26.195
2007-07-31,26.055
2007-08-01,26.635
2007-08-02,26.83
2007-08-03,26.64
2007-08-06,27.0
2007-08-07,27.23
2007-08-08,27.93
2007-08-09,27.91
2007-08-10,27.925
2007-08-13,27.26
2007-08-14,27.075
2007-08-15,26.915
2007-08-16,26.8
2007-08-17,27.26
2007-08-20,27.26
2007-08-21,27.01
2007-08-22,26.975
2007-08-23,26.98
2007-08-24,27.075
2007-08-27,27.005
2007-08-28,26.665
2007-08-29,26.755
2007-08-30,26.67
2007-08-31,26.89
2007-09-04,27.185
2007-09-05,26.865
2007-09-06,27.33
2007-09-07,27.295
2007-09-10,27.285
2007-09-11,27.83
2007-09-12,27.92
2007-09-13,27.935
2007-09-14,28.2
2007-09-17,27.64
2007-09-18,28.15
2007-09-19,28.31
2007-09-20,28.155
2007-09-21,28.375
2007-09-24,28.35
2007-09-25,28.51
2007-09-26,28.675
2007-09-27,28.665
2007-09-28,28.85
2007-10-01,28.95
2007-10-02,28.96
2007-10-03,28.7823
2007-10-04,28.8758
2007-10-05,29.035
2007-10-08,28.9
2007-10-09,29.05
2007-10-10,28.935
2007-10-11,28.595
2007-10-12,29.075
2007-10-15,28.82
2007-10-16,28.75
2007-10-17,29.5
2007-10-18,29.82
2007-10-19,29.38
2007-10-22,29.625
2007-10-23,29.875
2007-10-24,30.09
2007-10-25,30.75
2007-10-26,30.795
2007-10-29,30.85
2007-10-30,30.85
2007-10-31,30.79
2007-11-01,30.465
2007-11-02,30.255
2007-11-05,30.28
2007-11-06,30.505
2007-11-07,30.125
2007-11-08,30.73
2007-11-09,30.45
2007-11-12,29.805
2007-11-13,30.55
2007-11-14,30.825
2007-11-15,30.975
2007-11-16,31.31
2007-11-19,31.19
2007-11-20,31.62
2007-11-21,31.005
2007-11-23,31.15
2007-11-26,31.09
2007-11-27,31.485
2007-11-28,31.46
2007-11-29,31.375
2007-11-30,31.125
2007-12-03,31.1
2007-12-04,31.35
2007-12-05,31.75
2007-12-06,31.575
2007-12-07,31.5735
2007-12-10,31.665
2007-12-11,31.485
2007-12-12,31.9
2007-12-13,31.95
2007-12-14,31.9
2007-12-17,31.235
2007-12-18,31.11
2007-12-19,31.435
2007-12-20,31.14
2007-12-21,31.495
2007-12-24,31.605
2007-12-26,31.505
2007-12-27,31.15
2007-12-28,31.135
2007-12-31,30.65
2008-01-02,30.55
2008-01-03,30.85
2008-01-04,30.905
2008-01-07,31.655
2008-01-08,32.0
2008-01-09,32.635
2008-01-10,32.75
2008-01-11,31.885
2008-01-14,32.15
2008-01-15,31.655
2008-01-16,31.325
2008-01-17,30.9
2008-01-18,30.37
2008-01-22,29.5
2008-01-23,29.5
2008-01-24,30.0
2008-01-25,29.105
2008-01-28,29.555
2008-01-29,29.075
2008-01-30,28.875
2008-01-31,29.41
2008-02-01,29.9
2008-02-04,29.28
2008-02-05,28.8
2008-02-06,28.92
2008-02-07,29.45
2008-02-08,29.825
2008-02-11,29.825
2008-02-12,30.05
2008-02-13,29.98
2008-02-14,29.3
2008-02-15,29.25
2008-02-19,29.1
2008-02-20,29.025
2008-02-21,29.065
2008-02-22,29.1
2008-02-25,29.385
2008-02-26,29.715
2008-02-27,29.76
2008-02-28,29.725
2008-02-29,29.23
2008-03-03,29.51
2008-03-04,29.685
2008-03-05,29.7925
2008-03-06,29.55
2008-03-07,29.425
2008-03-10,29.25
2008-03-11,29.795
2008-03-12,29.595
2008-03-13,29.465
2008-03-14,28.795
2008-03-17,29.045
2008-03-18,29.83
2008-03-19,29.715
2008-03-20,30.575
2008-03-24,30.59
2008-03-25,30.705
2008-03-26,30.595
2008-03-27,30.655
2008-03-28,30.475
2008-03-31,30.4341
2008-04-01,30.7
2008-04-02,30.23
2008-04-03,30.275
2008-04-04,30.1265
2008-04-07,30.17
2008-04-08,30.255
2008-04-09,30.575
2008-04-10,30.665
2008-04-11,30.145
2008-04-14,30.45
2008-04-15,30.7
2008-04-16,30.575
2008-04-17,30.34
2008-04-18,30.015
2008-04-21,30.1865
2008-04-22,29.945
2008-04-23,30.085
2008-04-24,30.125
2008-04-25,29.685
2008-04-28,29.425
2008-04-29,29.36
2008-04-30,29.435
2008-05-01,29.545
2008-05-02,29.36
2008-05-05,29.165
2008-05-06,29.125
2008-05-07,28.6
2008-05-08,28.11
2008-05-09,28.045
2008-05-12,28.205
2008-05-13,28.415
2008-05-14,28.325
2008-05-15,28.505
2008-05-16,28.56
2008-05-19,28.75
2008-05-20,28.545
2008-05-21,28.325
2008-05-22,29.05
2008-05-23,29.315
2008-05-27,29.265
2008-05-28,28.75
2008-05-29,28.935
2008-05-30,28.605
2008-06-02,28.6
2008-06-03,28.2
2008-06-04,28.255
2008-06-05,28.575
2008-06-06,27.9
2008-06-09,27.9
2008-06-10,28.94
2008-06-11,28.57
2008-06-12,28.57
2008-06-13,27.725
2008-06-16,27.225
2008-06-17,27.08
2008-06-18,26.7
2008-06-19,26.68
2008-06-20,26.83
2008-06-23,26.425
2008-06-24,26.585
2008-06-25,27.05
2008-06-26,26.575
2008-06-27,26.045
2008-06-30,25.99
2008-07-01,25.425
2008-07-02,25.525
2008-07-03,25.74
2008-07-07,25.645
2008-07-08,25.7
2008-07-09,25.55
2008-07-10,24.99
2008-07-11,25.115
2008-07-14,25.55
2008-07-15,25.83
2008-07-16,26.225
2008-07-17,25.25
2008-07-18,24.95
2008-07-21,24.725
2008-07-22,25.675
2008-07-23,26.25
2008-07-24,25.93
2008-07-25,26.03
2008-07-28,25.5955
2008-07-29,25.785
2008-07-30,25.655
2008-07-31,25.75
2008-08-01,26.56
2008-08-04,26.93
2008-08-05,27.44
2008-08-06,27.6934
2008-08-07,27.005
2008-08-08,27.58
2008-08-11,27.675
2008-08-12,27.395
2008-08-13,27.605
2008-08-14,27.525
2008-08-15,27.53
2008-08-18,27.165
2008-08-19,27.1498
2008-08-20,27.175
2008-08-21,26.755
2008-08-22,27.185
2008-08-25,26.785
2008-08-26,26.76
2008-08-27,26.895
2008-08-28,26.525
2008-08-29,26.18
2008-09-02,25.98
2008-09-03,25.83
2008-09-04,25.865
2008-09-05,25.965
2008-09-08,26.685
2008-09-09,26.92
2008-09-10,26.905
2008-09-11,27.165
2008-09-12,27.25
2008-09-15,27.31
2008-09-16,27.425
2008-09-17,26.325
2008-09-18,26.56
2008-09-19,26.105
2008-09-22,25.79
2008-09-23,25.425
2008-09-24,25.1
2008-09-25,25.73
2008-09-26,26.24
2008-09-29,25.505
2008-09-30,26.44
2008-10-01,27.08
2008-10-02,26.82
2008-10-03,26.425
2008-10-06,25.5
2008-10-07,24.66
2008-10-08,23.815
2008-10-09,21.95
2008-10-10,21.3
2008-10-13,23.8
2008-10-14,21.85
2008-10-15,22.2
2008-10-16,22.89
2008-10-17,22.0
2008-10-20,23.275
2008-10-21,23.015
2008-10-22,22.84
2008-10-23,21.575
2008-10-24,20.875
2008-10-27,20.37
2008-10-28,22.26
2008-10-29,21.95
2008-10-30,22.33
2008-10-31,21.97
2008-11-03,22.8
2008-11-04,23.015
2008-11-05,22.365
2008-11-06,22.245
2008-11-07,23.125
2008-11-10,22.95
2008-11-11,22.195
2008-11-12,21.915
2008-11-13,23.15
2008-11-14,22.51
2008-11-17,21.855
2008-11-18,21.73
2008-11-19,21.5
2008-11-20,20.675
2008-11-21,21.775
2008-11-24,22.375
2008-11-25,22.385
2008-11-26,22.69
2008-11-28,23.435
2008-12-01,22.305
2008-12-02,21.965
2008-12-03,23.025
2008-12-04,22.42
2008-12-05,22.705
2008-12-08,22.75
2008-12-09,22.625
2008-12-10,22.68
2008-12-11,22.0
2008-12-12,22.315
2008-12-15,22.505
2008-12-16,23.075
2008-12-17,22.775
2008-12-18,22.695
2008-12-19,22.2
2008-12-22,22.465
2008-12-23,21.985
2008-12-24,22.05
2008-12-26,22.29
2008-12-29,22.34
2008-12-30,22.55
2008-12-31,22.635
2009-01-02,22.95
2009-01-05,22.72
2009-01-06,22.4
2009-01-07,22.475
2009-01-08,22.62
2009-01-09,22.3
2009-01-12,21.865
2009-01-13,21.98
2009-01-14,21.46
2009-01-15,21.64
2009-01-16,21.89
2009-01-20,21.45
2009-01-21,21.545
2009-01-22,21.56
2009-01-23,21.1
2009-01-26,21.515
2009-01-27,21.815
2009-01-28,21.91
2009-01-29,21.775
2009-01-30,21.36
2009-02-02,21.12
2009-02-03,21.52
2009-02-04,21.235
2009-02-05,21.32
2009-02-06,21.8
2009-02-09,21.25
2009-02-10,20.425
2009-02-11,20.75
2009-02-12,22.195
2009-02-13,21.93
2009-02-17,21.3
2009-02-18,21.165
2009-02-19,21.505
2009-02-20,21.24
2009-02-23,21.025
2009-02-24,21.5
2009-02-25,21.175
2009-02-26,20.535
2009-02-27,20.41
2009-03-02,19.905
2009-03-03,19.125
2009-03-04,19.515
2009-03-05,18.96
2009-03-06,19.74
2009-03-09,19.5
2009-03-10,19.62
2009-03-11,19.875
2009-03-12,20.475
2009-03-13,20.61
2009-03-16,20.635
2009-03-17,20.725
2009-03-18,20.83
2009-03-19,21.1225
2009-03-20,21.4
2009-03-23,21.85
2009-03-24,22.02
2009-03-25,22.425
2009-03-26,22.4
2009-03-27,22.52
2009-03-30,21.96
2009-03-31,22.0
2009-04-01,22.43
2009-04-02,22.655
2009-04-03,22.47
2009-04-06,22.475
2009-04-07,22.31
2009-04-08,22.495
2009-04-09,22.45
2009-04-13,22.37
2009-04-14,22.0
2009-04-15,22.52
2009-04-16,22.535
2009-04-17,22.5195
2009-04-20,22.25
2009-04-21,21.655
2009-04-22,21.555
2009-04-23,21.46
2009-04-24,21.395
2009-04-27,21.085
2009-04-28,21.125
2009-04-29,21.355
2009-04-30,21.52
2009-05-01,21.25
2009-05-04,21.6
2009-05-05,21.57
2009-05-06,21.68
2009-05-07,21.355
2009-05-08,21.35
2009-05-11,21.375
2009-05-12,22.165
2009-05-13,21.815
2009-05-14,22.35
2009-05-15,22.48
2009-05-18,23.04
2009-05-19,23.32
2009-05-20,23.46
2009-05-21,23.3763
2009-05-22,23.475
2009-05-26,23.605
2009-05-27,23.3
2009-05-28,23.445
2009-05-29,24.55
2009-06-01,24.5
2009-06-02,24.75
2009-06-03,24.455
2009-06-04,24.825
2009-06-05,24.75
2009-06-08,24.69
2009-06-09,24.52
2009-06-10,24.26
2009-06-11,24.35
2009-06-12,24.445
2009-06-15,24.06
2009-06-16,23.88
2009-06-17,23.965
2009-06-18,24.77
2009-06-19,24.22
2009-06-22,24.045
2009-06-23,23.935
2009-06-24,23.755
2009-06-25,23.925
2009-06-26,24.065
2009-06-29,24.0
2009-06-30,23.995
2009-07-01,24.59
2009-07-02,24.44
2009-07-06,24.325
2009-07-07,24.32
2009-07-08,24.28
2009-07-09,24.355
2009-07-10,24.18
2009-07-13,24.5
2009-07-14,24.645
2009-07-15,25.115
2009-07-16,25.355
2009-07-17,25.2
2009-07-20,25.6
2009-07-21,25.175
2009-07-22,24.525
2009-07-23,24.61
2009-07-24,24.62
2009-07-27,24.65
2009-07-28,24.7
2009-07-29,24.7
2009-07-30,24.8901
2009-07-31,24.865
2009-08-03,24.8
2009-08-04,24.795
2009-08-05,24.585
2009-08-06,24.635
2009-08-07,24.67
2009-08-10,24.6153
2009-08-11,24.43
2009-08-12,24.26
2009-08-13,24.05
2009-08-14,24.235
2009-08-17,24.4
2009-08-18,24.3
2009-08-19,24.68
2009-08-20,24.71
2009-08-21,24.9
2009-08-24,24.53
2009-08-25,24.345
2009-08-26,24.59
2009-08-27,24.705
2009-08-28,24.485
2009-08-31,24.375
2009-09-01,24.265
2009-09-02,24.92
2009-09-03,24.825
2009-09-04,24.975
2009-09-08,25.2
2009-09-09,25.15
2009-09-10,25.25
2009-09-11,25.85
2009-09-14,26.08
2009-09-15,26.195
2009-09-16,26.045
2009-09-17,26.71
2009-09-18,26.85
2009-09-21,26.45
2009-09-22,26.5
2009-09-23,26.29
2009-09-24,26.55
2009-09-25,26.6
2009-09-28,26.7
2009-09-29,26.65
2009-09-30,26.81
2009-10-01,26.525
2009-10-02,26.95
2009-10-05,26.9
2009-10-06,27.16
2009-10-07,27.475
2009-10-08,27.3
2009-10-09,27.23
2009-10-12,27.325
2009-10-13,27.515
2009-10-14,27.44
2009-10-15,27.47
2009-10-16,27.475
2009-10-19,27.745
2009-10-20,27.03
2009-10-21,27.04
2009-10-22,27.075
2009-10-23,26.62
2009-10-26,26.575
2009-10-27,26.73
2009-10-28,26.75
2009-10-29,27.0
2009-10-30,26.655
2009-11-02,26.86
2009-11-03,26.565
2009-11-04,26.745
2009-11-05,27.245
2009-11-06,27.275
2009-11-09,27.765
2009-11-10,28.1
2009-11-11,28.065
2009-11-12,27.97
2009-11-13,28.23
2009-11-16,28.35
2009-11-17,28.495
2009-11-18,28.445
2009-11-19,28.425
2009-11-20,28.74
2009-11-23,29.005
2009-11-24,29.09
2009-11-25,29.085
2009-11-27,28.59
2009-11-30,28.6
2009-12-01,29.155
2009-12-02,29.03
2009-12-03,28.635
2009-12-04,28.7
2009-12-07,28.935
2009-12-08,28.85
2009-12-09,28.93
2009-12-10,29.29
2009-12-11,29.54
2009-12-14,29.52
2009-12-15,29.51
2009-12-16,29.11
2009-12-17,28.525
2009-12-18,28.46
2009-12-21,28.59
2009-12-22,28.68
2009-12-23,28.645
2009-12-24,28.72
2009-12-28,28.72
2009-12-29,28.87
2009-12-30,28.84
2009-12-31,28.565
2010-01-04,28.54
2010-01-05,28.2
2010-01-06,28.175
2010-01-07,28.16
2010-01-08,27.69
2010-01-11,28.1
2010-01-12,28.44
2010-01-13,28.575
2010-01-14,28.77
2010-01-15,28.06
2010-01-19,28.21
2010-01-20,27.77
2010-01-21,27.245
2010-01-22,27.12
2010-01-25,27.09
2010-01-26,27.015
2010-01-27,27.255
2010-01-28,27.085
2010-01-29,27.05
2010-02-01,27.175
2010-02-02,27.525
2010-02-03,27.3
2010-02-04,26.655
2010-02-05,26.61
2010-02-08,26.35
2010-02-09,27.1
2010-02-10,26.895
2010-02-11,27.1
2010-02-12,27.0
2010-02-16,27.3
2010-02-17,27.665
2010-02-18,27.75
2010-02-19,27.86
2010-02-22,27.725
2010-02-23,27.42
2010-02-24,27.395
2010-02-25,26.55
2010-02-26,26.435
2010-03-01,26.68
2010-03-02,26.7
2010-03-03,26.9838
2010-03-04,27.2
2010-03-05,27.375
2010-03-08,27.24
2010-03-09,27.1
2010-03-10,27.105
2010-03-11,26.8
2010-03-12,26.68
2010-03-15,26.85
2010-03-16,26.815
2010-03-17,26.9
2010-03-18,26.9
2010-03-19,27.25
2010-03-22,27.3
2010-03-23,27.675
2010-03-24,27.425
2010-03-25,27.39
2010-03-26,27.325
2010-03-29,27.385
2010-03-30,27.435
2010-03-31,27.5
2010-04-01,27.655
2010-04-05,27.485
2010-04-06,27.15
2010-04-07,26.91
2010-04-08,26.91
2010-04-09,27.275
2010-04-12,27.39
2010-04-13,27.55
2010-04-14,27.455
2010-04-15,27.175
2010-04-16,27.455
2010-04-19,27.625
2010-04-20,27.3
2010-04-21,27.075
2010-04-22,27.155
2010-04-23,26.94
2010-04-26,26.85
2010-04-27,26.435
2010-04-28,26.68
2010-04-29,26.87
2010-04-30,26.67
2010-05-03,26.845
2010-05-04,26.59
2010-05-05,26.83
2010-05-06,26.17
2010-05-07,26.31
2010-05-10,26.95
2010-05-11,26.565
2010-05-12,26.805
2010-05-13,26.745
2010-05-14,26.67
2010-05-17,26.995
2010-05-18,26.55
2010-05-19,26.5
2010-05-20,25.55
2010-05-21,25.75
2010-05-24,25.73
2010-05-25,25.31
2010-05-26,24.885
2010-05-27,25.615
2010-05-28,25.66
2010-06-01,25.645
2010-06-02,26.205
2010-06-03,26.375
2010-06-04,25.71
2010-06-07,25.4
2010-06-08,25.775
2010-06-09,25.675
2010-06-10,26.21
2010-06-11,25.845
2010-06-14,25.755
2010-06-15,25.95
2010-06-16,26.2
2010-06-17,26.075
2010-06-18,26.155
2010-06-21,26.35
2010-06-22,26.23
2010-06-23,26.12
2010-06-24,25.9
2010-06-25,25.3
2010-06-28,25.54
2010-06-29,25.165
2010-06-30,25.06
2010-07-01,24.985
2010-07-02,24.975
2010-07-06,25.215
2010-07-07,25.74
2010-07-08,26.21
2010-07-09,26.2
2010-07-12,26.26
2010-07-13,26.36
2010-07-14,26.41
2010-07-15,26.45
2010-07-16,26.15
2010-07-19,26.135
2010-07-20,26.625
2010-07-21,27.04
2010-07-22,27.075
2010-07-23,27.375
2010-07-26,27.47
2010-07-27,27.5
2010-07-28,27.44
2010-07-29,27.495
2010-07-30,27.555
2010-08-02,28.205
2010-08-03,28.19
2010-08-04,28.275
2010-08-05,28.235
2010-08-06,28.435
2010-08-09,28.555
2010-08-10,28.49
2010-08-11,27.995
2010-08-12,27.845
2010-08-13,27.865
2010-08-16,27.94
2010-08-17,28.06
2010-08-18,27.905
2010-08-19,27.64
2010-08-20,27.65
2010-08-23,27.93
2010-08-24,27.775
2010-08-25,27.71
2010-08-26,27.375
2010-08-27,28.08
2010-08-30,27.775
2010-08-31,27.975
2010-09-01,28.65
2010-09-02,28.69
2010-09-03,28.78
2010-09-07,28.82
2010-09-08,29.0
2010-09-09,29.145
2010-09-10,29.26
2010-09-13,29.05
2010-09-14,28.775
2010-09-15,28.71
2010-09-16,28.81
2010-09-17,28.785
2010-09-20,28.985
2010-09-21,29.125
2010-09-22,29.115
2010-09-23,28.935
2010-09-24,29.31
2010-09-27,29.3
2010-09-28,29.55
2010-09-29,29.365
2010-09-30,29.26
2010-10-01,29.55
2010-10-04,29.44
2010-10-05,29.835
2010-10-06,29.9
2010-10-07,29.72
2010-10-08,29.705
2010-10-11,29.78
2010-10-12,29.86
2010-10-13,29.97
2010-10-14,29.975
2010-10-15,29.88
2010-10-18,29.825
2010-10-19,30.24
2010-10-20,30.565
2010-10-21,30.735
2010-10-22,30.82
2010-10-25,30.56
2010-10-26,30.625
2010-10-27,30.515
2010-10-28,30.605
2010-10-29,30.515
2010-11-01,30.855
2010-11-02,30.975
2010-11-03,30.975
2010-11-04,31.225
2010-11-05,31.29
2010-11-08,31.23
2010-11-09,31.235
2010-11-10,31.275
2010-11-11,31.4
2010-11-12,31.43
2010-11-15,31.48
2010-11-16,31.08
2010-11-17,31.26
2010-11-18,31.92
2010-11-19,32.15
2010-11-22,32.135
2010-11-23,31.795
2010-11-24,32.305
2010-11-26,32.045
2010-11-29,31.695
2010-11-30,31.585
2010-12-01,32.275
2010-12-02,32.45
2010-12-03,32.28
2010-12-06,32.025
2010-12-07,32.07
2010-12-08,32.25
2010-12-09,32.415
2010-12-10,32.325
2010-12-13,32.435
2010-12-14,31.95
2010-12-15,32.37
2010-12-16,32.67
2010-12-17,32.85
2010-12-20,32.655
2010-12-21,32.745
2010-12-22,32.795
2010-12-23,32.79
2010-12-27,32.535
2010-12-28,32.68
2010-12-29,32.725
2010-12-30,32.75
2010-12-31,32.885
2011-01-03,32.575
2011-01-04,31.975
2011-01-05,31.755
2011-01-06,31.515
2011-01-07,31.5
2011-01-10,31.53
2011-01-11,31.375
2011-01-12,31.52
2011-01-13,31.7
2011-01-14,31.565
2011-01-18,31.74
2011-01-19,31.71
2011-01-20,31.465
2011-01-21,31.38
2011-01-24,31.625
2011-01-25,31.55
2011-01-26,31.48
2011-01-27,31.325
2011-01-28,31.105
2011-01-31,31.425
2011-02-01,31.45
2011-02-02,31.43
2011-02-03,31.335
2011-02-04,31.28
2011-02-07,31.26
2011-02-08,31.535
2011-02-09,31.535
2011-02-10,31.71
2011-02-11,31.675
2011-02-14,31.57
2011-02-15,31.505
2011-02-16,31.7
2011-02-17,32.275
2011-02-18,32.105
2011-02-22,31.79
2011-02-23,32.075
2011-02-24,31.875
2011-02-25,32.155
2011-02-28,31.96
2011-03-01,32.455
2011-03-02,32.215
2011-03-03,32.785
2011-03-04,32.605
2011-03-07,32.61
2011-03-08,32.82
2011-03-09,32.81
2011-03-10,32.525
2011-03-11,32.405
2011-03-14,31.97
2011-03-15,31.45
2011-03-16,30.625
2011-03-17,31.125
2011-03-18,31.375
2011-03-21,31.79
2011-03-22,31.755
2011-03-23,32.135
2011-03-24,32.345
2011-03-25,32.61
2011-03-28,32.515
2011-03-29,32.86
2011-03-30,33.02
2011-03-31,33.355
2011-04-01,33.61
2011-04-04,33.84
2011-04-05,33.735
2011-04-06,33.815
2011-04-07,33.72
2011-04-08,33.45
2011-04-11,33.7
2011-04-12,33.45
2011-04-13,33.64
2011-04-14,34.155
2011-04-15,34.005
2011-04-18,33.69
2011-04-19,33.55
2011-04-20,33.925
2011-04-21,33.85
2011-04-25,33.935
2011-04-26,33.635
2011-04-27,33.56
2011-04-28,33.705
2011-04-29,33.73
2011-05-02,33.905
2011-05-03,33.94
2011-05-04,33.73
2011-05-05,33.35
2011-05-06,33.45
2011-05-09,33.485
2011-05-10,33.67
2011-05-11,33.66
2011-05-12,34.21
2011-05-13,34.09
2011-05-16,33.75
2011-05-17,33.985
2011-05-18,34.15
2011-05-19,34.25
2011-05-20,34.15
2011-05-23,33.745
2011-05-24,33.765
2011-05-25,33.515
2011-05-26,33.35
2011-05-27,33.255
2011-05-31,33.4625
2011-06-01,33.385
2011-06-02,33.05
2011-06-03,32.76
2011-06-06,32.52
2011-06-07,32.6
2011-06-08,32.7
2011-06-09,33.125
2011-06-10,32.695
2011-06-13,32.525
2011-06-14,32.805
2011-06-15,32.485
2011-06-16,32.77
2011-06-17,32.81
2011-06-20,32.915
2011-06-21,33.13
2011-06-22,33.2
2011-06-23,32.5
2011-06-24,32.465
2011-06-27,32.6
2011-06-28,33.015
2011-06-29,33.355
2011-06-30,33.6
2011-07-01,34.045
2011-07-05,34.15
2011-07-06,34.26
2011-07-07,34.335
2011-07-08,34.34
2011-07-11,34.05
2011-07-12,33.935
2011-07-13,34.03
2011-07-14,33.835
2011-07-15,33.765
2011-07-18,33.605
2011-07-19,34.66
2011-07-20,34.475
2011-07-21,34.67
2011-07-22,34.73
2011-07-25,34.525
2011-07-26,34.65
2011-07-27,34.35
2011-07-28,34.4
2011-07-29,34.005
2011-08-01,33.865
2011-08-02,33.535
2011-08-03,34.265
2011-08-04,33.135
2011-08-05,33.385
2011-08-08,32.375
2011-08-09,33.41
2011-08-10,32.0
2011-08-11,33.025
2011-08-12,33.485
2011-08-15,34.1
2011-08-16,34.185
2011-08-17,34.6
2011-08-18,33.94
2011-08-19,33.545
2011-08-22,33.5
2011-08-23,34.53
2011-08-24,34.625
2011-08-25,33.985
2011-08-26,34.25
2011-08-29,34.865
2011-08-30,34.74
2011-08-31,35.225
2011-09-01,35.225
2011-09-02,34.87
2011-09-06,34.715
2011-09-07,35.42
2011-09-08,35.605
2011-09-09,34.75
2011-09-12,34.87
2011-09-13,34.5
2011-09-14,34.91
2011-09-15,35.51
2011-09-16,35.54
2011-09-19,35.245
2011-09-20,35.325
2011-09-21,34.63
2011-09-22,33.93
2011-09-23,33.71
2011-09-26,34.38
2011-09-27,34.655
2011-09-28,34.03
2011-09-29,34.525
2011-09-30,33.75
2011-10-03,32.525
2011-10-04,32.705
2011-10-05,32.76
2011-10-06,32.695
2011-10-07,32.95
2011-10-10,33.45
2011-10-11,33.4
2011-10-12,33.74
2011-10-13,33.775
2011-10-14,33.92
2011-10-17,33.45
2011-10-18,33.33
2011-10-19,33.53
2011-10-20,33.56
2011-10-21,34.05
2011-10-24,33.935
2011-10-25,33.5
2011-10-26,33.735
2011-10-27,34.14
2011-10-28,34.465
2011-10-31,34.16
2011-11-01,33.52
2011-11-02,33.735
2011-11-03,34.325
2011-11-04,33.9
2011-11-07,34.13
2011-11-08,34.325
2011-11-09,33.5
2011-11-10,33.695
2011-11-11,34.06
2011-11-14,33.9
2011-11-15,34.0
2011-11-16,33.505
2011-11-17,33.31
2011-11-18,33.695
2011-11-21,32.975
2011-11-22,33.0
2011-11-23,32.435
2011-11-25,32.37
2011-11-28,32.585
2011-11-29,33.095
2011-11-30,33.615
2011-12-01,33.415
2011-12-02,33.19
2011-12-05,33.235
2011-12-06,33.34
2011-12-07,33.645
2011-12-08,33.33
2011-12-09,33.795
2011-12-12,33.445
2011-12-13,33.24
2011-12-14,33.13
2011-12-15,33.48
2011-12-16,33.72
2011-12-19,33.685
2011-12-20,34.2
2011-12-21,34.785
2011-12-22,34.515
2011-12-23,34.97
2011-12-27,35.07
2011-12-28,34.755
2011-12-29,35.08
2011-12-30,34.985
2012-01-03,35.07
2012-01-04,34.85
2012-01-05,34.685
2012-01-06,34.465
2012-01-09,34.465
2012-01-10,34.67
2012-01-11,34.03
2012-01-12,33.785
2012-01-13,33.465
2012-01-17,33.675
2012-01-18,33.795
2012-01-19,33.625
2012-01-20,33.95
2012-01-23,34.265
2012-01-24,33.95
2012-01-25,34.215
2012-01-26,34.0
2012-01-27,33.74
2012-01-30,33.73
2012-01-31,33.65
2012-02-01,33.92
2012-02-02,33.875
2012-02-03,34.04
2012-02-06,34.045
2012-02-07,34.275
2012-02-08,34.18
2012-02-09,33.925
2012-02-10,33.97
2012-02-13,34.268
2012-02-14,34.45
2012-02-15,34.3325
2012-02-16,34.36
2012-02-17,34.53
2012-02-21,34.375
2012-02-22,34.625
2012-02-23,34.59
2012-02-24,34.5
2012-02-27,34.49
2012-02-28,34.4675
2012-02-29,34.815
2012-03-01,34.8
2012-03-02,34.57
2012-03-05,34.67
2012-03-06,34.375
2012-03-07,34.395
2012-03-08,34.635
2012-03-09,34.755
2012-03-12,35.075
2012-03-13,35.22
2012-03-14,35.11
2012-03-15,35.165
2012-03-16,35.085
2012-03-19,35.08
2012-03-20,35.295
2012-03-21,35.68
2012-03-22,35.71
2012-03-23,35.755
2012-03-26,35.97
2012-03-27,35.935
2012-03-28,36.34
2012-03-29,36.87
2012-03-30,36.935
2012-04-02,37.07
2012-04-03,36.79
2012-04-04,36.73
2012-04-05,36.63
2012-04-09,36.41
2012-04-10,36.01
2012-04-11,36.06
2012-04-12,36.11
2012-04-13,35.75
2012-04-16,36.25
2012-04-17,36.975
2012-04-18,37.085
2012-04-19,36.995
2012-04-20,37.065
2012-04-23,36.855
2012-04-24,37.2
2012-04-25,37.5
2012-04-26,37.875
2012-04-27,38.41
2012-04-30,38.16
2012-05-01,38.455
2012-05-02,38.56
2012-05-03,38.7
2012-05-04,38.49
2012-05-07,38.65
2012-05-08,38.4721
2012-05-09,38.315
2012-05-10,38.7
2012-05-11,38.65
2012-05-14,38.58
2012-05-15,38.27
2012-05-16,38.115
2012-05-17,37.51
2012-05-18,36.755
2012-05-21,37.37
2012-05-22,37.095
2012-05-23,37.25
2012-05-24,37.825
2012-05-25,37.62
2012-05-29,37.735
2012-05-30,37.4545
2012-05-31,37.365
2012-06-01,36.615
2012-06-04,36.75
2012-06-05,36.635
2012-06-06,37.285
2012-06-07,37.07
2012-06-08,37.63
2012-06-11,37.255
2012-06-12,37.575
2012-06-13,37.345
2012-06-14,37.89
2012-06-15,38.0
2012-06-18,38.005
2012-06-19,37.76
2012-06-20,37.78
2012-06-21,37.275
2012-06-22,37.4753
2012-06-25,37.4
2012-06-26,37.455
2012-06-27,38.115
2012-06-28,38.29
2012-06-29,39.095
2012-07-02,39.46
2012-07-03,39.575
2012-07-05,39.115
2012-07-06,39.04
2012-07-09,38.99
2012-07-10,38.99
2012-07-11,38.7195
2012-07-12,38.32
2012-07-13,38.64
2012-07-16,38.3
2012-07-17,38.85
2012-07-18,38.7
2012-07-19,38.8
2012-07-20,38.56
2012-07-23,38.44
2012-07-24,38.2
2012-07-25,38.68
2012-07-26,39.41
2012-07-27,39.995
2012-07-30,40.51
2012-07-31,40.395
2012-08-01,40.5
2012-08-02,39.875
2012-08-03,40.3616
2012-08-06,40.325
2012-08-07,39.97
2012-08-08,39.78
2012-08-09,39.625
2012-08-10,39.485
2012-08-13,39.39
2012-08-14,39.37
2012-08-15,39.4
2012-08-16,39.53
2012-08-17,39.5
2012-08-20,39.54
2012-08-21,39.28
2012-08-22,38.69
2012-08-23,38.25
2012-08-24,38.47
2012-08-27,38.21
2012-08-28,38.0
2012-08-29,37.46
2012-08-30,37.2
2012-08-31,37.52
2012-09-04,37.28
2012-09-05,37.35
2012-09-06,38.3
2012-09-07,37.99
2012-09-10,37.62
2012-09-11,37.77
2012-09-12,37.7
2012-09-13,38.3
2012-09-14,38.18
2012-09-17,38.3
2012-09-18,38.7001
2012-09-19,38.52
2012-09-20,38.62
2012-09-21,38.04
2012-09-24,38.1
2012-09-25,37.82
2012-09-26,37.92
2012-09-27,38.31
2012-09-28,38.0
2012-10-01,38.45
2012-10-02,38.43
2012-10-03,38.33
2012-10-04,38.32
2012-10-05,38.46
2012-10-08,38.53
2012-10-09,38.56
2012-10-10,38.06
2012-10-11,38.11
2012-10-12,38.35
2012-10-15,38.27
2012-10-16,37.99
2012-10-17,37.75
2012-10-18,37.94
2012-10-19,37.37
2012-10-22,37.23
2012-10-23,36.72
2012-10-24,37.0
2012-10-25,37.09
2012-10-26,37.02
2012-10-31,37.18
2012-11-01,37.33
2012-11-02,37.08
2012-11-05,36.8
2012-11-06,37.38
2012-11-07,36.72
2012-11-08,36.53
2012-11-09,36.36
2012-11-12,36.15
2012-11-13,36.16
2012-11-14,36.05
2012-11-15,36.35
2012-11-16,36.59
2012-11-19,37.18
2012-11-20,37.27
2012-11-21,37.39
2012-11-23,37.92
2012-11-26,37.41
2012-11-27,37.51
2012-11-28,37.39
2012-11-29,37.88
2012-11-30,37.88
2012-12-03,37.41
2012-12-04,37.15
2012-12-05,37.36
2012-12-06,37.32
2012-12-07,37.71
2012-12-10,37.63
2012-12-11,37.87
2012-12-12,37.7571
2012-12-13,37.59
2012-12-14,37.68
2012-12-17,37.5
2012-12-18,37.3
2012-12-19,36.78
2012-12-20,37.1
2012-12-21,36.92
2012-12-24,36.73
2012-12-26,36.45
2012-12-27,36.41
2012-12-28,36.0
2012-12-31,36.33
2013-01-02,37.57
2013-01-03,37.6
2013-01-04,37.56
2013-01-07,37.45
2013-01-08,37.1
2013-01-09,36.98
2013-01-10,36.91
2013-01-11,36.92
2013-01-14,37.0
2013-01-15,37.25
2013-01-16,37.31
2013-01-17,37.55
2013-01-18,37.6
2013-01-22,37.17
2013-01-23,37.01
2013-01-24,37.11
2013-01-25,36.97
2013-01-28,36.98
2013-01-29,37.39
2013-01-30,37.4
2013-01-31,37.36
2013-02-01,37.38
2013-02-04,37.44
2013-02-05,38.14
2013-02-06,38.21
2013-02-07,38.83
2013-02-08,38.69
2013-02-11,38.6
2013-02-12,37.59
2013-02-13,37.12
2013-02-14,36.94
2013-02-15,37.35
2013-02-19,37.67
2013-02-20,37.6
2013-02-21,37.65
2013-02-22,38.45
2013-02-25,37.8
2013-02-26,38.15
2013-02-27,38.51
2013-02-28,38.68
2013-03-01,38.73
2013-03-04,38.85
2013-03-05,38.82
2013-03-06,39.0
2013-03-07,39.1
2013-03-08,39.22
2013-03-11,39.25
2013-03-12,39.05
2013-03-13,38.66
2013-03-14,39.04
2013-03-15,38.8
2013-03-18,38.76
2013-03-19,39.24
2013-03-20,39.77
2013-03-21,40.05
2013-03-22,40.04
2013-03-25,40.11
2013-03-26,40.7
2013-03-27,40.08
2013-03-28,40.32
2013-04-01,40.35
2013-04-02,40.76
2013-04-03,40.1
2013-04-04,40.5
2013-04-05,40.08
2013-04-08,40.8
2013-04-09,40.71
2013-04-10,40.98
2013-04-11,41.17
2013-04-12,41.08
2013-04-15,40.3
2013-04-16,42.34
2013-04-17,42.54
2013-04-18,42.12
2013-04-19,42.6
2013-04-22,42.8
2013-04-23,42.74
2013-04-24,42.25
2013-04-25,42.35
2013-04-26,42.11
2013-04-29,42.25
2013-04-30,42.3
2013-05-01,42.2
2013-05-02,41.86
2013-05-03,42.04
2013-05-06,42.1
2013-05-07,42.6
2013-05-08,42.5
2013-05-09,42.11
2013-05-10,42.09
2013-05-13,42.22
2013-05-14,42.51
2013-05-15,42.92
2013-05-16,43.4493
2013-05-17,42.93
2013-05-20,42.39
2013-05-21,42.32
2013-05-22,42.25
2013-05-23,42.25
2013-05-24,42.06
2013-05-28,42.42
2013-05-29,41.4
2013-05-30,40.77
2013-05-31,40.06
2013-06-03,40.7
2013-06-04,41.42
2013-06-05,40.65
2013-06-06,40.85
2013-06-07,41.22
2013-06-10,41.19
2013-06-11,40.84
2013-06-12,40.3899
2013-06-13,40.4
2013-06-14,40.34
2013-06-17,40.68
2013-06-18,40.93
2013-06-19,40.4
2013-06-20,39.25
2013-06-21,39.66
2013-06-24,39.5999
2013-06-25,39.71
2013-06-26,40.48
2013-06-27,40.43
2013-06-28,40.22
2013-07-01,40.48
2013-07-02,40.5
2013-07-03,40.57
2013-07-05,40.65
2013-07-08,40.57
2013-07-09,40.76
2013-07-10,40.88
2013-07-11,41.03
2013-07-12,40.95
2013-07-15,41.13
2013-07-16,40.23
2013-07-17,40.87
2013-07-18,40.63
2013-07-19,41.09
2013-07-22,40.83
2013-07-23,40.96
2013-07-24,40.85
2013-07-25,40.84
2013-07-26,40.64
2013-07-29,40.3
2013-07-30,40.4499
2013-07-31,40.14
2013-08-01,40.39
2013-08-02,40.26
2013-08-05,40.2881
2013-08-06,40.2716
2013-08-07,40.2
2013-08-08,40.28
2013-08-09,40.16
2013-08-12,39.81
2013-08-13,39.65
2013-08-14,39.5
2013-08-15,39.09
2013-08-16,39.05
2013-08-19,38.78
2013-08-20,38.66
2013-08-21,38.24
2013-08-22,38.38
2013-08-23,38.55
2013-08-26,38.17
2013-08-27,38.0
2013-08-28,38.34
2013-08-29,38.08
2013-08-30,38.18
2013-09-03,37.93
2013-09-04,38.55
2013-09-05,38.25
2013-09-06,38.35
2013-09-09,38.59
2013-09-10,38.5
2013-09-11,38.76
2013-09-12,38.45
2013-09-13,38.7
2013-09-16,38.86
2013-09-17,38.83
2013-09-18,39.58
2013-09-19,39.36
2013-09-20,39.03
2013-09-23,38.63
2013-09-24,38.53
2013-09-25,38.38
2013-09-26,38.76
2013-09-27,38.35
2013-09-30,37.91
2013-10-01,38.0
2013-10-02,37.28
2013-10-03,37.22
2013-10-04,37.1799
2013-10-07,37.05
2013-10-08,37.29
2013-10-09,37.11
2013-10-10,37.51
2013-10-11,37.78
2013-10-14,37.94
2013-10-15,37.92
2013-10-16,37.99
2013-10-17,38.74
2013-10-18,38.5
2013-10-21,38.73
2013-10-22,39.02
2013-10-23,39.17
2013-10-24,38.81
2013-10-25,39.0
2013-10-28,39.6
2013-10-29,39.92
2013-10-30,39.55
2013-10-31,39.57
2013-11-01,39.5575
2013-11-04,39.57
2013-11-05,39.4
2013-11-06,40.01
2013-11-07,39.85
2013-11-08,40.1
2013-11-11,39.87
2013-11-12,39.88
2013-11-13,40.11
2013-11-14,40.3
2013-11-15,40.22
2013-11-18,40.17
2013-11-19,40.14
2013-11-20,40.06
2013-11-21,40.2173
2013-11-22,40.43
2013-11-25,40.53
2013-11-26,40.28
2013-11-27,40.19
2013-11-29,40.19
2013-12-02,39.85
2013-12-03,40.3
2013-12-04,40.37
2013-12-05,39.83
2013-12-06,40.45
2013-12-09,40.3
2013-12-10,39.96
2013-12-11,40.2
2013-12-12,39.28
2013-12-13,39.23
2013-12-16,39.3
2013-12-17,39.1
2013-12-18,39.93
2013-12-19,39.86
2013-12-20,40.0
2013-12-23,40.22
2013-12-24,40.11
2013-12-26,40.47
2013-12-27,40.7
2013-12-30,41.04
2013-12-31,41.31
2014-01-02,40.63
2014-01-03,40.4
2014-01-06,40.2
2014-01-07,40.42
2014-01-08,39.9499
2014-01-09,39.77
2014-01-10,40.13
2014-01-13,39.59
2014-01-14,39.711
2014-01-15,39.8
2014-01-16,39.76
2014-01-17,39.32
2014-01-21,39.98
2014-01-22,39.9
2014-01-23,39.9
2014-01-24,38.8
2014-01-27,38.53
2014-01-28,38.95
2014-01-29,38.0
2014-01-30,38.17
2014-01-31,37.89
2014-02-03,37.3
2014-02-04,37.43
2014-02-05,38.1
2014-02-06,38.2
2014-02-07,38.0
2014-02-10,38.6
2014-02-11,38.64
2014-02-12,38.61
2014-02-13,38.63
2014-02-14,39.1
2014-02-18,37.55
2014-02-19,37.17
2014-02-20,37.38
2014-02-21,37.18
2014-02-24,37.43
2014-02-25,37.81
2014-02-26,37.87
2014-02-27,38.07
2014-02-28,38.29
2014-03-03,38.12
2014-03-04,38.3
2014-03-05,38.36
2014-03-06,38.36
2014-03-07,38.6
2014-03-10,38.62
2014-03-11,38.65
2014-03-12,38.49
2014-03-13,38.02
2014-03-14,38.2
2014-03-17,38.22
2014-03-18,38.4
2014-03-19,38.2
2014-03-20,38.44
2014-03-21,38.44
2014-03-24,38.38
2014-03-25,38.64
2014-03-26,38.52
2014-03-27,38.83
2014-03-28,38.92
2014-03-31,38.46
2014-04-01,38.41
2014-04-02,38.32
2014-04-03,38.17
2014-04-04,38.29
2014-04-07,38.69
2014-04-08,38.96
2014-04-09,38.95
2014-04-10,38.89
2014-04-11,38.6
2014-04-14,38.73
2014-04-15,40.15
2014-04-16,40.41
2014-04-17,40.48
2014-04-21,40.75
2014-04-22,40.71
2014-04-23,40.85
2014-04-24,40.67
2014-04-25,40.93
2014-04-28,41.03
2014-04-29,40.6
2014-04-30,40.8
2014-05-01,40.78
2014-05-02,40.95
2014-05-05,40.67
2014-05-06,40.5187
2014-05-07,40.78
2014-05-08,40.8
2014-05-09,40.83
2014-05-12,40.82
2014-05-13,41.12
2014-05-14,40.86
2014-05-15,40.62
2014-05-16,40.85
2014-05-19,40.7
2014-05-20,40.55
2014-05-21,40.91
2014-05-22,40.6
2014-05-23,40.58
2014-05-27,40.84
2014-05-28,40.58
2014-05-29,40.62
2014-05-30,40.85
2014-06-02,40.89
2014-06-03,40.88
2014-06-04,40.78
2014-06-05,40.87
2014-06-06,40.99
2014-06-09,40.86
2014-06-10,41.08
2014-06-11,40.94
2014-06-12,40.4
2014-06-13,40.43
2014-06-16,40.64
2014-06-17,40.92
2014-06-18,41.58
2014-06-19,41.8
2014-06-20,41.69
2014-06-23,41.66
2014-06-24,41.85
2014-06-25,41.9
2014-06-26,42.0
2014-06-27,42.19
2014-06-30,42.37
2014-07-01,42.29
2014-07-02,42.32
2014-07-03,42.23
2014-07-07,42.04
2014-07-08,41.94
2014-07-09,41.91
2014-07-10,42.2
2014-07-11,42.03
2014-07-14,42.38
2014-07-15,42.1
2014-07-16,41.9
2014-07-17,42.02
2014-07-18,42.4
2014-07-21,42.56
2014-07-22,41.19
2014-07-23,40.82
2014-07-24,40.81
2014-07-25,41.0
2014-07-28,40.67
2014-07-29,40.32
2014-07-30,39.74
2014-07-31,39.29
2014-08-01,39.26
2014-08-04,39.4
2014-08-05,39.2
2014-08-06,39.9
2014-08-07,39.44
2014-08-08,39.45
2014-08-11,39.62
2014-08-12,39.8515
2014-08-13,40.0
2014-08-14,40.76
2014-08-15,40.7
2014-08-18,41.35
2014-08-19,41.25
2014-08-20,41.22
2014-08-21,41.41
2014-08-22,41.2
2014-08-25,41.4
2014-08-26,41.63
2014-08-27,41.57
2014-08-28,41.71
2014-08-29,41.72
2014-09-02,41.5
2014-09-03,41.78
2014-09-04,41.99
2014-09-05,41.79
2014-09-08,41.76
2014-09-09,41.96
2014-09-10,42.17
2014-09-11,41.95
2014-09-12,41.32
2014-09-15,41.46
2014-09-16,41.62
2014-09-17,41.66
2014-09-18,41.74
2014-09-19,42.05
2014-09-22,42.05
2014-09-23,41.75
2014-09-24,42.34
2014-09-25,41.87
2014-09-26,42.16
2014-09-29,42.2
2014-09-30,42.6
2014-10-01,42.8
2014-10-02,42.6
2014-10-03,42.9999
2014-10-06,43.55
2014-10-07,43.82
2014-10-08,44.56
2014-10-09,43.8
2014-10-10,44.46
2014-10-13,44.15
2014-10-14,43.67
2014-10-15,42.95
2014-10-16,42.56
2014-10-17,42.69
2014-10-20,43.0
2014-10-21,40.79
2014-10-22,40.62
2014-10-23,40.9
2014-10-24,41.07
2014-10-27,40.76
2014-10-28,40.51
2014-10-29,41.0
2014-10-30,41.4
2014-10-31,41.72
2014-11-03,41.7
2014-11-04,41.88
2014-11-05,42.33
2014-11-06,42.6
2014-11-07,42.31
2014-11-10,42.39
2014-11-11,42.51
2014-11-12,42.6
2014-11-13,42.74
2014-11-14,42.5908
2014-11-17,42.73
2014-11-18,43.53
2014-11-19,44.16
2014-11-20,44.33
2014-11-21,44.51
2014-11-24,44.27
2014-11-25,44.5
2014-11-26,44.39
2014-11-28,44.84
2014-12-01,44.55
2014-12-02,44.4086
2014-12-03,43.8
2014-12-04,43.5
2014-12-05,43.52
2014-12-08,43.12
2014-12-09,42.04
2014-12-10,41.53
2014-12-11,41.5
2014-12-12,40.91
2014-12-15,40.16
2014-12-16,40.39
2014-12-17,41.55
2014-12-18,42.45
2014-12-19,41.96
2014-12-22,42.27
2014-12-23,43.0
2014-12-24,42.94
2014-12-26,42.9
2014-12-29,42.84
2014-12-30,42.7
2014-12-31,42.49
2015-01-02,42.1227
2015-01-05,42.36
2015-01-06,42.43
2015-01-07,43.0
2015-01-08,43.46
2015-01-09,42.82
2015-01-12,42.63
2015-01-13,42.64
2015-01-14,42.63
2015-01-15,42.35
2015-01-16,42.49
2015-01-20,43.15
2015-01-21,43.25
2015-01-22,43.78
2015-01-23,43.5252
2015-01-26,43.0
2015-01-27,42.5
2015-01-28,41.82
2015-01-29,42.11
2015-01-30,41.2
2015-02-02,41.68
2015-02-03,41.62
2015-02-04,41.52
2015-02-05,41.99
2015-02-06,41.38
2015-02-09,41.28
2015-02-10,42.42
2015-02-11,42.4
2015-02-12,42.09
2015-02-13,41.9
2015-02-17,41.82
2015-02-18,41.72
2015-02-19,42.11
2015-02-20,41.98
2015-02-23,42.0
2015-02-24,42.13
2015-02-25,42.0
2015-02-26,42.5
2015-02-27,43.39
2015-03-02,43.35
2015-03-03,42.84
2015-03-04,42.4
2015-03-05,42.45
2015-03-06,41.65
2015-03-09,41.43
2015-03-10,40.74
2015-03-11,40.15
2015-03-12,40.58
2015-03-13,39.91
2015-03-16,40.41
2015-03-17,40.57
2015-03-18,40.6
2015-03-19,40.0
2015-03-20,40.55
2015-03-23,40.63
2015-03-24,40.49
2015-03-25,40.471
2015-03-26,40.4465
2015-03-27,40.02
2015-03-30,40.51
2015-03-31,40.54
2015-04-01,40.5932
2015-04-02,40.769
2015-04-06,41.17
2015-04-07,40.92
2015-04-08,40.85
2015-04-09,41.08
2015-04-10,40.88
2015-04-13,40.699
2015-04-14,40.4812
2015-04-15,40.4
2015-04-16,40.6
2015-04-17,40.3
2015-04-20,40.66
2015-04-21,41.0299
2015-04-22,41.31
2015-04-23,40.92
2015-04-24,40.86
2015-04-27,40.83
2015-04-28,40.84
2015-04-29,40.49
2015-04-30,40.56
2015-05-01,40.88
2015-05-04,41.13
2015-05-05,40.731
2015-05-06,40.67
2015-05-07,40.69
2015-05-08,41.0523
2015-05-11,41.0
2015-05-12,40.71
2015-05-13,41.05
2015-05-14,41.56
2015-05-15,41.5
2015-05-18,41.349
2015-05-19,41.3
2015-05-20,41.29
2015-05-21,41.19
2015-05-22,41.11
2015-05-26,41.0
2015-05-27,41.14
2015-05-28,41.14
2015-05-29,40.9
2015-06-01,41.05
2015-06-02,41.05
2015-06-03,40.91
2015-06-04,40.6
2015-06-05,40.149
2015-06-08,40.21
2015-06-09,40.239
2015-06-10,40.34
2015-06-11,40.1
2015-06-12,40.077
2015-06-15,39.57
2015-06-16,40.1
2015-06-17,40.203
2015-06-18,40.65
2015-06-19,40.38
2015-06-22,40.48
2015-06-23,40.38
2015-06-24,40.2
2015-06-25,40.19
2015-06-26,40.0
2015-06-29,39.52
2015-06-30,39.23
2015-07-01,39.5
2015-07-02,39.627
2015-07-06,39.55
2015-07-07,40.25
2015-07-08,39.84
2015-07-09,39.92
2015-07-10,40.42
2015-07-13,40.99
2015-07-14,41.12
2015-07-15,41.153
2015-07-16,41.41
2015-07-17,41.2
2015-07-20,41.34
2015-07-21,41.09
2015-07-22,40.95
2015-07-23,41.02
2015-07-24,40.7588
2015-07-27,40.553
2015-07-28,40.55
2015-07-29,40.55
2015-07-30,40.56
2015-07-31,41.097
2015-08-03,41.56
2015-08-04,41.8
2015-08-05,41.91
2015-08-06,41.97
2015-08-07,41.77
2015-08-10,41.68
2015-08-11,41.475
2015-08-12,41.3
2015-08-13,41.01
2015-08-14,41.253
2015-08-17,41.35
2015-08-18,41.38
2015-08-19,40.78
2015-08-20,40.5
2015-08-21,39.6
2015-08-24,38.38
2015-08-25,37.99
2015-08-26,38.84
2015-08-27,39.3
2015-08-28,39.5
2015-08-31,39.32
2015-09-01,38.77
2015-09-02,38.95
2015-09-03,39.16
2015-09-04,38.52
2015-09-08,38.91
2015-09-09,38.31
2015-09-10,38.42
2015-09-11,38.1
2015-09-14,38.1
2015-09-15,38.53
2015-09-16,39.25
2015-09-17,39.16
2015-09-18,39.01
2015-09-21,39.25
2015-09-22,38.8
2015-09-23,38.76
2015-09-24,39.02
2015-09-25,39.58
2015-09-28,39.53
2015-09-29,39.69
2015-09-30,40.12
2015-10-01,39.8
2015-10-02,40.39
2015-10-05,41.05
2015-10-06,41.1231
2015-10-07,41.56
2015-10-08,41.97
2015-10-09,42.02
2015-10-12,42.0
2015-10-13,41.61
2015-10-14,41.68
2015-10-15,41.92
2015-10-16,42.08
2015-10-19,41.95
2015-10-20,41.91
2015-10-21,42.19
2015-10-22,43.26
2015-10-23,42.9
2015-10-26,42.48
2015-10-27,42.61
2015-10-28,42.65
2015-10-29,42.8
2015-10-30,42.5
2015-11-02,42.1136
2015-11-03,42.13
2015-11-04,41.97
2015-11-05,42.33
2015-11-06,41.97
2015-11-09,41.61
2015-11-10,41.65
2015-11-11,42.04
2015-11-12,41.7187
2015-11-13,41.33
2015-11-16,41.96
2015-11-17,41.67
2015-11-18,42.26
2015-11-19,43.05
2015-11-20,42.43
2015-11-23,42.96
2015-11-24,43.36
2015-11-25,43.44
2015-11-27,43.15
2015-11-30,42.62
2015-12-01,42.89
2015-12-02,42.8162
2015-12-03,42.46
2015-12-04,43.24
2015-12-07,43.2
2015-12-08,43.01
2015-12-09,42.7
2015-12-10,42.8945
2015-12-11,42.27
2015-12-14,42.49
2015-12-15,43.07
2015-12-16,43.78
2015-12-17,43.26
2015-12-18,42.54
2015-12-21,42.88
2015-12-22,43.4
2015-12-23,43.67
2015-12-24,43.54
2015-12-28,43.5
2015-12-29,43.8
2015-12-30,43.54
2015-12-31,42.95
2016-01-04,42.49
2016-01-05,42.55
2016-01-06,42.33
2016-01-07,41.62
2016-01-08,41.51
2016-01-11,41.6
2016-01-12,41.96
2016-01-13,41.76
2016-01-14,41.9
2016-01-15,41.5
2016-01-19,42.0499
2016-01-20,41.34
2016-01-21,41.39
2016-01-22,42.11
2016-01-25,42.22
2016-01-26,42.08
2016-01-27,42.07
2016-01-28,42.57
2016-01-29,42.92
2016-02-01,43.0094
2016-02-02,42.45
2016-02-03,42.82
2016-02-04,42.49
2016-02-05,42.55
2016-02-08,42.65
2016-02-09,43.4
2016-02-10,42.54
2016-02-11,42.42
2016-02-12,43.23
2016-02-16,43.3
2016-02-17,43.65
2016-02-18,43.65
2016-02-19,43.74
2016-02-22,43.85
2016-02-23,43.62
2016-02-24,44.01
2016-02-25,44.14
2016-02-26,43.13
2016-02-29,43.15
2016-03-01,43.7
2016-03-02,43.77
2016-03-03,43.86
2016-03-04,44.1
2016-03-07,44.01
2016-03-08,44.3599
2016-03-09,44.83
2016-03-10,45.23
2016-03-11,45.19
2016-03-14,45.28
2016-03-15,45.25
2016-03-16,45.03
2016-03-17,45.72
2016-03-18,45.6
2016-03-21,45.66
2016-03-22,45.47
2016-03-23,45.42
2016-03-24,45.58
2016-03-28,45.79
2016-03-29,46.45
2016-03-30,46.55
2016-03-31,46.3
2016-04-01,46.76
2016-04-04,46.84
2016-04-05,46.63
2016-04-06,46.66
2016-04-07,46.4
2016-04-08,46.87
2016-04-11,46.4
2016-04-12,46.67
2016-04-13,46.06
2016-04-14,45.9
2016-04-15,46.06
2016-04-18,46.25
2016-04-19,46.69
2016-04-20,44.36
2016-04-21,43.62
2016-04-22,44.62
2016-04-25,44.71
2016-04-26,44.5
2016-04-27,44.68
2016-04-28,44.63
2016-04-29,44.8
2016-05-02,44.9
2016-05-03,44.85
2016-05-04,44.91
2016-05-05,45.09
2016-05-06,45.32
2016-05-09,45.372
2016-05-10,45.7
2016-05-11,45.4
2016-05-12,45.75
2016-05-13,45.35
2016-05-16,45.62
2016-05-17,44.8
2016-05-18,44.48
2016-05-19,44.3
2016-05-20,44.05
2016-05-23,43.97
2016-05-24,44.45
2016-05-25,44.4
2016-05-26,44.69
2016-05-27,44.81
2016-05-31,44.48
2016-06-01,44.54
2016-06-02,44.6601
2016-06-03,44.96
2016-06-06,45.33
2016-06-07,45.32
2016-06-08,45.57
2016-06-09,45.76
2016-06-10,46.03
2016-06-13,45.01
2016-06-14,45.04
2016-06-15,45.01
2016-06-16,45.3
2016-06-17,44.79
2016-06-20,44.98
2016-06-21,45.05
2016-06-22,44.95
2016-06-23,45.24
2016-06-24,43.97
2016-06-27,43.79
2016-06-28,44.19
2016-06-29,44.46
2016-06-30,45.33
2016-07-01,45.13
2016-07-05,45.43
2016-07-06,45.27
2016-07-07,45.12
2016-07-08,45.28
2016-07-11,45.55
2016-07-12,45.65
2016-07-13,45.64
2016-07-14,45.6
2016-07-15,45.65
2016-07-18,45.63
2016-07-19,45.52
2016-07-20,45.51
2016-07-21,45.45
2016-07-22,45.83
2016-07-25,45.55
2016-07-26,45.15
2016-07-27,43.45
2016-07-28,43.65
2016-07-29,43.67
2016-08-01,43.59
2016-08-02,43.53
2016-08-03,43.64
2016-08-04,43.45
2016-08-05,43.45
2016-08-08,43.44
2016-08-09,43.49
2016-08-10,43.62
2016-08-11,43.75
2016-08-12,43.96
2016-08-15,44.28
2016-08-16,43.83
2016-08-17,44.08
2016-08-18,44.12
2016-08-19,43.94
2016-08-22,43.72
2016-08-23,43.9
2016-08-24,43.85
2016-08-25,43.74
2016-08-26,43.37
2016-08-29,43.54
2016-08-30,43.29
2016-08-31,43.43
2016-09-01,43.3103
2016-09-02,43.6494
2016-09-06,43.8
2016-09-07,43.64
2016-09-08,43.51
2016-09-09,42.23
2016-09-12,43.19
2016-09-13,42.28
2016-09-14,42.05
2016-09-15,42.23
2016-09-16,42.15
2016-09-19,42.1
2016-09-20,42.37
2016-09-21,42.53
2016-09-22,42.96
2016-09-23,42.75
2016-09-26,42.07
2016-09-27,42.59
2016-09-28,42.15
2016-09-29,42.1
2016-09-30,42.35
2016-10-03,42.07
2016-10-04,41.87
2016-10-05,41.81
2016-10-06,41.71
2016-10-07,41.78
2016-10-10,41.74
2016-10-11,41.6
2016-10-12,41.78
2016-10-13,41.76
2016-10-14,41.65
2016-10-17,41.73
2016-10-18,41.93
2016-10-19,42.05
2016-10-20,41.93
2016-10-21,42.28
2016-10-24,42.56
2016-10-25,42.3
2016-10-26,42.37
2016-10-27,42.12
2016-10-28,42.23
2016-10-31,42.36
2016-11-01,42.11
2016-11-02,42.0
2016-11-03,42.03
2016-11-04,41.66
2016-11-07,42.41
2016-11-08,42.88
2016-11-09,42.11
2016-11-10,40.92
2016-11-11,41.08
2016-11-14,41.17
2016-11-15,41.55
2016-11-16,41.26
2016-11-17,41.04
2016-11-18,40.95
2016-11-21,41.33
2016-11-22,41.35
2016-11-23,41.15
2016-11-25,41.59
2016-11-28,41.78
2016-11-29,41.25
2016-11-30,40.45
2016-12-01,40.2
2016-12-02,40.36
2016-12-05,40.7
2016-12-06,40.57
2016-12-07,41.12
2016-12-08,41.1
2016-12-09,42.0
2016-12-12,41.9
2016-12-13,41.83
2016-12-14,41.29
2016-12-15,41.55
2016-12-16,41.72
2016-12-19,41.75
2016-12-20,41.6
2016-12-21,41.58
2016-12-22,41.55
2016-12-23,41.6
2016-12-27,41.61
2016-12-28,41.48
2016-12-29,41.79
2016-12-30,41.49
2017-01-03,41.86
2017-01-04,41.6
2017-01-05,41.75
2017-01-06,41.74
2017-01-09,41.28
2017-01-10,41.04
2017-01-11,41.07
2017-01-12,40.99
2017-01-13,40.88
2017-01-17,41.22
2017-01-18,41.15
2017-01-19,41.15
2017-01-20,41.32
2017-01-23,41.5
2017-01-24,41.9
2017-01-25,41.95
2017-01-26,41.81
2017-01-27,41.45
2017-01-30,41.47
2017-01-31,41.84
2017-02-01,41.3
2017-02-02,41.3
2017-02-03,41.62
2017-02-06,41.63
2017-02-07,41.86
2017-02-08,41.96
2017-02-09,41.15
2017-02-10,40.63
2017-02-13,40.68
2017-02-14,40.53
2017-02-15,40.48
2017-02-16,41.17
2017-02-17,41.3
2017-02-21,41.46
2017-02-22,41.6
2017-02-23,41.51
2017-02-24,41.78
2017-02-27,41.67
2017-02-28,42.08
2017-03-01,42.1
2017-03-02,42.42
2017-03-03,42.4
2017-03-06,42.13
2017-03-07,42.0
2017-03-08,41.99
2017-03-09,42.03
2017-03-10,42.35
2017-03-13,42.03
2017-03-14,41.97
2017-03-15,42.12
2017-03-16,42.25
2017-03-17,42.05
2017-03-20,42.34
2017-03-21,42.42
2017-03-22,42.4
2017-03-23,42.05
2017-03-24,42.15
2017-03-27,42.32
2017-03-28,42.4
2017-03-29,42.5
2017-03-30,42.6
2017-03-31,42.33
2017-04-03,42.47
2017-04-04,42.75
2017-04-05,42.57
2017-04-06,42.67
2017-04-07,42.64
2017-04-10,42.68
2017-04-11,42.66
2017-04-12,42.94
2017-04-13,42.78
2017-04-17,43.07
2017-04-18,43.45
2017-04-19,43.35
2017-04-20,43.0
2017-04-21,42.88
2017-04-24,43.32
2017-04-25,43.03
2017-04-26,43.24
2017-04-27,43.01
2017-04-28,43.15
2017-05-01,43.18
2017-05-02,43.39
2017-05-03,43.3
2017-05-04,43.66
2017-05-05,43.65
2017-05-08,43.94
2017-05-09,43.51
2017-05-10,43.53
2017-05-11,43.67
2017-05-12,43.59
2017-05-15,43.62
2017-05-16,43.65
2017-05-17,43.95
2017-05-18,43.79
2017-05-19,43.91
2017-05-22,44.1
2017-05-23,44.44
2017-05-24,42.54
2017-05-25,45.36
2017-05-26,45.39
2017-05-30,45.3
2017-05-31,45.45
2017-06-01,45.79
2017-06-02,45.89
2017-06-05,45.93
2017-06-06,45.9
2017-06-07,45.46
2017-06-08,45.0
2017-06-09,45.4
2017-06-12,45.3
2017-06-13,45.01
2017-06-14,45.3
2017-06-15,45.3
2017-06-16,45.3
2017-06-19,45.38
2017-06-20,45.79
2017-06-21,45.38
2017-06-22,45.01
2017-06-23,45.33
2017-06-26,45.35
2017-06-27,45.01
2017-06-28,45.26
2017-06-29,44.83
2017-06-30,44.85
2017-07-03,44.76
2017-07-05,44.97
2017-07-06,44.4
2017-07-07,44.39
2017-07-10,44.33
2017-07-11,44.44
2017-07-12,44.42
2017-07-13,44.42
2017-07-14,44.54
2017-07-17,44.73
2017-07-18,44.73
2017-07-19,44.83
2017-07-20,44.74
2017-07-21,45.04
2017-07-24,44.94
2017-07-25,45.26
2017-07-26,45.74
2017-07-27,46.12
2017-07-28,46.01
2017-07-31,45.79
2017-08-01,45.7
2017-08-02,45.59
2017-08-03,45.6
2017-08-04,45.42
2017-08-07,45.54
2017-08-08,45.6
2017-08-09,45.65
2017-08-10,45.55
2017-08-11,45.55
2017-08-14,45.86
2017-08-15,46.17
2017-08-16,46.2
2017-08-17,45.85
2017-08-18,45.59
2017-08-21,45.6
2017-08-22,45.6
2017-08-23,45.43
2017-08-24,45.41
2017-08-25,45.54
2017-08-28,45.42
2017-08-29,45.45
2017-08-30,45.39
2017-08-31,45.5
2017-09-01,45.8
2017-09-05,45.9
2017-09-06,45.9
2017-09-07,46.39
2017-09-08,46.39
2017-09-11,46.4
2017-09-12,46.8
2017-09-13,46.87
2017-09-14,46.11
2017-09-15,46.21
2017-09-18,46.2
2017-09-19,45.98
2017-09-20,45.75
2017-09-21,45.4
2017-09-22,45.4
2017-09-25,45.79
2017-09-26,45.57
2017-09-27,44.53
2017-09-28,44.91
2017-09-29,45.01
2017-10-02,44.88
2017-10-03,45.29
2017-10-04,45.55
2017-10-05,45.52
2017-10-06,45.49
2017-10-09,45.49
2017-10-10,45.97
2017-10-11,46.05
2017-10-12,46.07
2017-10-13,46.12
2017-10-16,46.62
2017-10-17,46.41
2017-10-18,46.32
2017-10-19,46.59
2017-10-20,46.38
2017-10-23,46.32
2017-10-24,46.05
2017-10-25,46.05
2017-10-26,46.23
2017-10-27,46.0
2017-10-30,45.86
2017-10-31,45.92
2017-11-01,45.8
2017-11-02,45.87
2017-11-03,45.97
2017-11-06,45.47
2017-11-07,45.97
2017-11-08,46.1
2017-11-09,46.23
2017-11-10,46.66
2017-11-13,46.66
2017-11-14,47.43
2017-11-15,46.75
2017-11-16,46.55
2017-11-17,45.75
2017-11-20,45.45
2017-11-21,45.82
2017-11-22,45.84
2017-11-24,45.88
2017-11-27,45.97
2017-11-28,45.83
2017-11-29,45.45
2017-11-30,45.77
2017-12-01,45.97
2017-12-04,46.22
2017-12-05,46.26
2017-12-06,46.5
2017-12-07,45.81
2017-12-08,45.22
2017-12-11,45.38
2017-12-12,45.29
2017-12-13,45.86
2017-12-14,46.0
2017-12-15,46.37
2017-12-18,45.93
2017-12-19,46.13
2017-12-20,46.01
2017-12-21,45.6
2017-12-22,45.53
2017-12-26,45.81
2017-12-27,45.93
2017-12-28,45.72
2017-12-29,45.9
2018-01-02,45.57
2018-01-03,45.4
2018-01-04,46.0401
2018-01-05,46.04
2018-01-08,45.91
2018-01-09,46.13
2018-01-10,46.19
2018-01-11,45.91
2018-01-12,46.15
2018-01-16,46.53
2018-01-17,46.74
2018-01-18,46.84
2018-01-19,47.26
2018-01-22,47.44
2018-01-23,47.45
2018-01-24,47.83
2018-01-25,47.95
2018-01-26,48.53
2018-01-29,47.7
2018-01-30,47.41
2018-01-31,47.43
2018-02-01,47.45
2018-02-02,46.63
2018-02-05,44.75
2018-02-06,44.68
2018-02-07,44.48
2018-02-08,43.1
2018-02-09,43.15
2018-02-12,43.97
2018-02-13,44.21
2018-02-14,44.1
2018-02-15,45.1
2018-02-16,44.96
2018-02-20,44.05
2018-02-21,43.34
2018-02-22,43.54
2018-02-23,44.04
2018-02-26,44.03
2018-02-27,43.71
2018-02-28,43.32
2018-03-01,43.44
2018-03-02,43.63
2018-03-05,43.87
2018-03-06,43.41
2018-03-07,43.82
2018-03-08,44.58
2018-03-09,44.61
2018-03-12,44.53
2018-03-13,44.54
2018-03-14,43.74
2018-03-15,43.68
2018-03-16,43.54
2018-03-19,43.28
2018-03-20,43.16
2018-03-21,43.1
2018-03-22,42.73
2018-03-23,42.36
2018-03-26,42.7
2018-03-27,42.89
2018-03-28,43.3
2018-03-29,43.3
2018-04-02,42.73
2018-04-03,43.42
2018-04-04,44.21
2018-04-05,43.89
2018-04-06,43.92
2018-04-09,43.88
2018-04-10,43.9
2018-04-11,43.99
2018-04-12,43.96
2018-04-13,44.51
2018-04-16,44.71
2018-04-17,44.72
2018-04-18,44.64
2018-04-19,44.25
2018-04-20,43.78
2018-04-23,43.68
2018-04-24,43.09
2018-04-25,42.45
2018-04-26,42.75
2018-04-27,43.26
2018-04-30,43.2
2018-05-01,42.61
2018-05-02,42.05
2018-05-03,42.0
2018-05-04,42.37
2018-05-07,42.14
2018-05-08,41.88
2018-05-09,41.8
2018-05-10,42.18
2018-05-11,42.17
2018-05-14,42.15
2018-05-15,41.65
2018-05-16,41.63
2018-05-17,42.3
2018-05-18,42.18
2018-05-21,42.43
2018-05-22,42.25
2018-05-23,42.34
2018-05-24,42.37
2018-05-25,42.42
2018-05-29,42.82
2018-05-30,43.13
2018-05-31,43.0
2018-06-01,43.19
2018-06-04,43.54
2018-06-05,43.21
2018-06-06,43.57
2018-06-07,43.59
2018-06-08,44.0
2018-06-11,44.06
2018-06-12,44.5
2018-06-13,44.2
2018-06-14,43.59
2018-06-15,44.08
2018-06-18,43.5
2018-06-19,43.62
2018-06-20,43.28
2018-06-21,43.18
2018-06-22,43.2
2018-06-25,43.44
2018-06-26,43.33
2018-06-27,43.28
2018-06-28,43.5
2018-06-29,43.77
2018-07-02,43.85
2018-07-03,43.99
2018-07-05,44.66
2018-07-06,44.56
2018-07-09,44.3
2018-07-10,44.85
2018-07-11,44.79
2018-07-12,44.75
2018-07-13,44.74
2018-07-16,44.73
2018-07-17,45.25
2018-07-18,44.91
2018-07-19,45.06
2018-07-20,45.3
2018-07-23,44.95
2018-07-24,45.2599
2018-07-25,45.8
2018-07-26,46.47
2018-07-27,46.1
2018-07-30,46.1
2018-07-31,46.65
2018-08-01,46.36
2018-08-02,46.37
2018-08-03,46.62
2018-08-06,46.68
2018-08-07,46.5
2018-08-08,46.01
2018-08-09,46.19
2018-08-10,46.08
2018-08-13,45.83
2018-08-14,45.78
2018-08-15,46.17
2018-08-16,46.13
2018-08-17,46.5
2018-08-20,46.73
2018-08-21,46.02
2018-08-22,45.84
2018-08-23,45.79
2018-08-24,45.52
2018-08-27,45.67
2018-08-28,45.42
2018-08-29,45.38
2018-08-30,44.8604
2018-08-31,44.66
2018-09-04,44.67
2018-09-05,45.46
2018-09-06,45.8
2018-09-07,45.62
2018-09-10,46.11
2018-09-11,45.93
2018-09-12,46.22
2018-09-13,45.9
2018-09-14,45.99
2018-09-17,46.29
2018-09-18,46.0
2018-09-19,45.95
2018-09-20,46.66
2018-09-21,46.55
2018-09-24,46.169
2018-09-25,45.79
2018-09-26,45.76
2018-09-27,46.0
2018-09-28,46.31
2018-10-01,46.25
2018-10-02,46.6
2018-10-03,45.8
2018-10-04,45.9888
2018-10-05,45.88
2018-10-08,46.44
2018-10-09,46.39
2018-10-10,45.51
2018-10-11,44.74
2018-10-12,44.79
2018-10-15,44.81
2018-10-16,45.57
2018-10-17,45.97
2018-10-18,45.27
2018-10-19,46.44
2018-10-22,45.83
2018-10-23,46.25
2018-10-24,46.7
2018-10-25,46.13
2018-10-26,45.92
2018-10-29,46.6
2018-10-30,47.75
2018-10-31,47.88
2018-11-01,47.73
2018-11-02,47.91
2018-11-05,48.71
2018-11-06,49.0
2018-11-07,49.25
2018-11-08,49.33
2018-11-09,49.68
2018-11-12,50.0
2018-11-13,49.86
2018-11-14,49.7
2018-11-15,49.74
2018-11-16,50.28
2018-11-19,50.45
2018-11-20,49.6137
2018-11-21,48.7999
2018-11-23,49.02
2018-11-26,48.87
2018-11-27,49.23
2018-11-28,49.9
2018-11-29,48.9176
2018-11-30,50.08
2018-12-03,49.76
2018-12-04,49.76
2018-12-06,49.5
2018-12-07,49.09
2018-12-10,49.4
2018-12-11,49.3
2018-12-12,49.22
2018-12-13,49.47
2018-12-14,49.34
2018-12-17,48.4
2018-12-18,48.15
2018-12-19,47.85
2018-12-20,47.79
2018-12-21,47.57
2018-12-24,45.96
2018-12-26,46.94
2018-12-27,47.53
2018-12-28,47.2
2018-12-31,47.35
2019-01-02,46.62
2019-01-03,46.64
2019-01-04,47.54
2019-01-07,46.95
2019-01-08,47.42
2019-01-09,46.5
2019-01-10,47.07
2019-01-11,47.2142
2019-01-14,47.05
2019-01-15,47.57
2019-01-16,47.0
2019-01-17,47.06
2019-01-18,47.51
2019-01-22,47.82
2019-01-23,48.21
2019-01-24,47.65
2019-01-25,47.37
2019-01-28,47.11
2019-01-29,47.4
2019-01-30,47.86
2019-01-31,48.45
2019-02-01,48.82
2019-02-04,49.3
2019-02-05,49.26
2019-02-06,49.17
2019-02-07,49.41
2019-02-08,49.65
2019-02-11,49.6
2019-02-12,49.67
2019-02-13,49.99
2019-02-14,45.63
2019-02-15,45.3
2019-02-19,44.87
2019-02-20,45.12
2019-02-21,45.76
2019-02-22,45.26
2019-02-25,44.86
2019-02-26,44.71
2019-02-27,44.9998
2019-02-28,45.34
2019-03-01,45.38
2019-03-04,45.65
2019-03-05,45.5
2019-03-06,45.42
2019-03-07,45.19
2019-03-08,44.92
2019-03-11,46.22
2019-03-12,46.08
2019-03-13,46.26
2019-03-14,45.75
2019-03-15,45.35
2019-03-18,45.41
2019-03-19,45.57
2019-03-20,45.5
2019-03-21,45.42
2019-03-22,45.93
2019-03-25,46.04
2019-03-26,46.64
2019-03-27,46.6
2019-03-28,46.7
2019-03-29,46.97
2019-04-01,46.7
2019-04-02,46.57
2019-04-03,46.18
2019-04-04,46.38
2019-04-05,46.5
2019-04-08,46.5792
2019-04-09,46.7
2019-04-10,46.64
2019-04-11,46.64
2019-04-12,46.75
2019-04-15,46.97
2019-04-16,46.95
2019-04-17,47.28
2019-04-18,47.55
2019-04-22,47.58
2019-04-23,48.2
2019-04-24,47.89
2019-04-25,47.9682
2019-04-26,48.26
2019-04-29,48.31
2019-04-30,49.06
2019-05-01,48.45
2019-05-02,48.49
2019-05-03,48.72
2019-05-06,48.26
2019-05-07,48.1
2019-05-08,47.85
2019-05-09,47.2
2019-05-10,48.07
2019-05-13,47.88
2019-05-14,48.86
2019-05-15,49.12
2019-05-16,49.58
2019-05-17,49.12
2019-05-20,49.09
2019-05-21,48.5
2019-05-22,49.65
2019-05-23,49.9
2019-05-24,49.61
2019-05-28,49.15
2019-05-29,48.6
2019-05-30,49.1
2019-05-31,49.2
2019-06-03,50.08
2019-06-04,50.01
2019-06-05,50.75
2019-06-06,51.45
2019-06-07,51.39
2019-06-10,51.4
2019-06-11,51.22
2019-06-12,51.65
2019-06-13,51.12
2019-06-14,51.21
2019-06-17,50.95
2019-06-18,50.64
2019-06-19,51.12
2019-06-20,51.51
2019-06-21,51.45
2019-06-24,51.82
2019-06-25,51.67
2019-06-26,51.06
2019-06-27,51.12
2019-06-28,50.92
2019-07-01,51.62
2019-07-02,51.99
2019-07-03,52.1
2019-07-05,52.11
2019-07-08,51.91
2019-07-09,51.59
2019-07-10,51.82
2019-07-11,52.02
2019-07-12,52.1
2019-07-15,52.23
2019-07-16,52.1
2019-07-17,52.02
2019-07-18,52.05
2019-07-19,51.39
2019-07-22,51.13
2019-07-23,54.57
2019-07-24,53.78
2019-07-25,52.96
2019-07-26,54.11
2019-07-29,54.0999
2019-07-30,53.69
2019-07-31,52.51
2019-08-01,52.01
2019-08-02,52.33
2019-08-05,51.0101
2019-08-06,52.4
2019-08-07,53.18
2019-08-08,53.65
2019-08-09,53.38
2019-08-12,53.18
2019-08-13,53.5
2019-08-14,53.12
2019-08-15,53.87
2019-08-16,54.34
2019-08-19,54.56
2019-08-20,53.8
2019-08-21,54.15
2019-08-22,54.49
2019-08-23,53.71
2019-08-26,54.61
2019-08-27,54.75
2019-08-28,55.1
2019-08-29,55.03
2019-08-30,55.04
2019-09-03,55.3
2019-09-04,55.88
2019-09-05,55.12
2019-09-06,55.23
2019-09-09,54.52
2019-09-10,54.4
2019-09-11,54.89
2019-09-12,55.09
2019-09-13,54.3
2019-09-16,53.97
2019-09-17,54.24
2019-09-18,54.2401
2019-09-19,54.57
2019-09-20,53.91
2019-09-23,54.14
2019-09-24,54.3
2019-09-25,54.06
2019-09-26,54.39
2019-09-27,54.37
2019-09-30,54.45
2019-10-01,54.57
2019-10-02,53.1
2019-10-03,53.84
2019-10-04,54.54
2019-10-07,53.9
2019-10-08,53.67
2019-10-09,53.5
2019-10-10,53.66
2019-10-11,53.45
2019-10-14,53.3
2019-10-15,53.51
2019-10-16,53.54
2019-10-17,54.4
2019-10-18,54.71
2019-10-21,54.17
2019-10-22,53.8
2019-10-23,54.7
2019-10-24,54.52
2019-10-25,53.7
2019-10-28,53.5
2019-10-29,53.41
2019-10-30,53.94
2019-10-31,54.45
2019-11-01,53.89
2019-11-04,53.0
2019-11-05,52.42
2019-11-06,52.8
2019-11-07,52.38
2019-11-08,52.21
2019-11-11,51.84
2019-11-12,51.7
2019-11-13,52.41
2019-11-14,52.69
2019-11-15,52.6
2019-11-18,53.0
2019-11-19,52.96
2019-11-20,53.2
2019-11-21,52.96
2019-11-22,53.03
2019-11-25,53.22
2019-11-26,53.9
2019-11-27,53.89
2019-11-29,53.4
2019-12-02,53.41
2019-12-03,53.8
2019-12-04,54.25
2019-12-05,54.19
2019-12-06,54.32
2019-12-09,53.98
2019-12-10,53.76
2019-12-11,54.02
2019-12-12,54.25
2019-12-13,54.5
2019-12-16,54.4
2019-12-17,54.42
2019-12-18,53.95
2019-12-19,54.32
2019-12-20,54.97
2019-12-23,54.85
2019-12-24,54.71
2019-12-26,55.02
2019-12-27,55.25
2019-12-30,55.25
2019-12-31,55.35
2020-01-02,55.0001
2020-01-03,54.6
2020-01-06,54.55
2020-01-07,54.0
2020-01-08,54.35
2020-01-09,55.34
2020-01-10,55.5
2020-01-13,56.12
2020-01-14,56.0
2020-01-15,56.79
2020-01-16,56.72
2020-01-17,56.88
2020-01-21,57.05
2020-01-22,57.61
2020-01-23,57.83
2020-01-24,57.65
2020-01-27,57.4
2020-01-28,57.2
2020-01-29,57.01
2020-01-30,58.79
2020-01-31,58.54
2020-02-03,58.58
2020-02-04,58.84
2020-02-05,58.85
2020-02-06,58.99
2020-02-07,59.1002
2020-02-10,59.75
2020-02-11,59.6
2020-02-12,59.49
2020-02-13,59.6
2020-02-14,59.9
2020-02-18,59.54
2020-02-19,59.69
2020-02-20,59.73
2020-02-21,60.13
2020-02-24,58.7
2020-02-25,57.84
2020-02-26,58.09
2020-02-27,54.35
2020-02-28,53.96
2020-03-02,55.75
2020-03-03,55.9
2020-03-04,58.4
2020-03-05,56.77
2020-03-06,55.02
2020-03-09,52.95
2020-03-10,53.0
2020-03-11,52.2
2020-03-12,46.98
2020-03-13,47.8
2020-03-16,46.0
2020-03-17,46.0
2020-03-18,45.2
2020-03-19,41.8
2020-03-20,38.4
2020-03-23,38.7
2020-03-24,39.4
2020-03-25,41.79
2020-03-26,44.5
2020-03-27,42.8
2020-03-30,45.13
2020-03-31,43.42
2020-04-01,42.27
2020-04-02,43.9
2020-04-03,43.65
2020-04-06,46.45
2020-04-07,46.85
2020-04-08,48.0
2020-04-09,49.25
2020-04-13,47.25
2020-04-14,48.99
2020-04-15,47.3
2020-04-16,48.5
2020-04-17,48.0
2020-04-20,46.7
2020-04-21,45.69
2020-04-22,45.6
2020-04-23,44.99
2020-04-24,45.5
2020-04-27,46.82
2020-04-28,46.8999
2020-04-29,47.37
2020-04-30,45.82
2020-05-01,45.61
2020-05-04,45.15
2020-05-05,45.5
2020-05-06,44.75
2020-05-07,44.79
2020-05-08,46.24
2020-05-11,45.56
2020-05-12,44.55
2020-05-13,44.0
2020-05-14,43.85
2020-05-15,43.4
2020-05-18,45.08
2020-05-19,44.8
2020-05-20,45.9
2020-05-21,45.25
2020-05-22,45.11
2020-05-26,46.1
2020-05-27,46.79
2020-05-28,47.1
2020-05-29,46.99
2020-06-01,46.83
2020-06-02,47.1
2020-06-03,48.0
2020-06-04,47.95
2020-06-05,49.01
2020-06-08,49.94
2020-06-09,49.25
2020-06-10,48.45
2020-06-11,46.23
2020-06-12,45.64
